Date,Open,High,Low,Close,Volume
2021-01-01,29000.0,29574.0,28677.55,29533.16,3834122
2021-01-02,29533.16,30152.78,29394.51,29851.13,4287781
2021-01-03,29851.13,29990.16,28628.8,29396.81,5257598
2021-01-04,29396.81,30727.46,29129.88,30266.24,1613390
2021-01-05,30266.24,31921.0,29491.58,31849.09,3981290
2021-01-06,31849.09,32182.21,31657.79,32017.18,2825379
2021-01-07,32017.18,32610.23,31207.49,31374.92,3259994
2021-01-08,31374.92,31497.08,31089.26,31154.33,1227100
2021-01-09,31154.33,31215.67,29672.22,29737.23,5080298
2021-01-10,29737.23,30208.06,28584.43,28716.71,5545853
2021-01-11,28716.71,29603.68,28549.54,29090.79,5095529
2021-01-12,29090.79,30257.2,28846.66,30030.47,2800738
2021-01-13,30030.47,30705.33,29977.1,30408.68,2662585
2021-01-14,30408.68,31979.35,30386.79,31694.67,5399227
2021-01-15,31694.67,32334.79,31220.7,32127.53,3871260
2021-01-16,32127.53,36282.58,32099.57,35951.68,2815066
2021-01-17,35951.68,36820.67,35759.55,36103.1,1547998
2021-01-18,36103.1,36371.6,34857.77,35141.89,2543677
2021-01-19,35141.89,36422.29,34659.79,36302.94,3568930
2021-01-20,36302.94,36547.31,35805.32,35946.26,1572602
2021-01-21,35946.26,40233.88,35475.39,40129.12,14243791
2021-01-22,40129.12,40496.26,38442.9,38629.52,2458558
2021-01-23,38629.52,39117.7,35537.03,35840.24,2166785
2021-01-24,35840.24,37613.53,35817.17,37239.28,3884291
2021-01-25,37239.28,37329.17,37046.49,37172.14,8773844
2021-01-26,37172.14,40537.29,37092.47,39765.87,2316117
2021-01-27,39765.87,41071.33,39747.81,40818.64,3643547
2021-01-28,40818.64,41817.58,40029.27,41591.53,3404080
2021-01-29,41591.53,41948.18,40662.77,41026.88,4424826
2021-01-30,41026.88,41137.63,39862.26,40033.61,950887
2021-01-31,40033.61,41126.5,39951.28,40748.98,1588432
2021-02-01,40748.98,41051.03,39318.86,39323.99,3948651
2021-02-02,39323.99,39647.66,39087.5,39449.78,2140805
2021-02-03,39449.78,40807.72,39086.58,40616.13,2918670
2021-02-04,40616.13,42043.65,40385.88,41585.1,3010900
2021-02-05,41585.1,42389.59,41416.55,41418.56,2698855
2021-02-06,41418.56,41879.34,40397.94,40789.48,5680013
2021-02-07,40789.48,43013.3,40569.37,41735.73,1545490
2021-02-08,41735.73,41933.37,40927.57,41760.75,2140010
2021-02-09,41760.75,44310.11,41758.79,43796.8,1490457
2021-02-10,43796.8,50908.9,43698.93,50707.7,4671544
2021-02-11,50707.7,51635.88,50478.27,51598.3,4821158
2021-02-12,51598.3,53721.31,51487.83,53538.14,1753510
2021-02-13,53538.14,54123.94,53414.49,53916.19,2181518
2021-02-14,53916.19,55994.28,53332.25,55965.53,5536654
2021-02-15,55965.53,56490.39,53160.59,53322.93,3717655
2021-02-16,53322.93,53886.7,53018.51,53420.91,5767693
2021-02-17,53420.91,55618.01,52805.2,55258.06,1543581
2021-02-18,55258.06,55731.03,49755.72,49830.38,3507638
2021-02-19,49830.38,51447.87,49560.66,50498.34,4820612
2021-02-20,50498.34,50760.28,50275.63,50464.63,1714088
2021-02-21,50464.63,50677.75,49110.31,49163.01,2563518
2021-02-22,49163.01,52178.67,48287.27,51953.22,2329798
2021-02-23,51953.22,52131.49,49055.51,49188.85,10043169
2021-02-24,49188.85,50135.05,47840.64,47882.09,2430381
2021-02-25,47882.09,48008.22,46463.26,46790.37,4412483
2021-02-26,46790.37,47770.07,45899.66,46049.04,4249468
2021-02-27,46049.04,51274.8,45787.59,51231.68,3520420
2021-02-28,51231.68,53668.91,50701.74,53385.22,3620567
2021-03-01,53385.22,54591.54,53117.53,54337.75,5555612
2021-03-02,54337.75,54809.45,52897.51,53119.82,3091882
2021-03-03,53119.82,53713.11,49520.68,50302.85,2001484
2021-03-04,50302.85,50717.68,47670.7,48173.13,6345369
2021-03-05,48173.13,49016.31,47364.64,48977.75,1280505
2021-03-06,48977.75,52061.45,48736.71,51788.03,1523123
2021-03-07,51788.03,52725.71,51195.38,52166.98,5019959
2021-03-08,52166.98,52867.06,49819.9,51074.6,3146288
2021-03-09,51074.6,51226.95,49875.3,50071.6,3071686
2021-03-10,50071.6,51085.41,49211.62,49770.81,9545711
2021-03-11,49770.81,49894.9,48331.05,49223.8,4001946
2021-03-12,49223.8,49469.1,48515.24,49428.21,2698633
2021-03-13,49428.21,51129.97,48646.42,51010.75,3400743
2021-03-14,51010.75,53081.26,50862.88,52955.5,2976883
2021-03-15,52955.5,53521.85,48612.78,49777.37,2742091
2021-03-16,49777.37,50191.5,47288.93,48051.25,2646930
2021-03-17,48051.25,51494.94,47740.09,50527.38,4273797
2021-03-18,50527.38,52653.78,50249.86,52063.72,955894
2021-03-19,52063.72,52661.2,51076.2,52220.4,4410711
2021-03-20,52220.4,52369.32,51600.74,51965.44,2015634
2021-03-21,51965.44,55013.9,51510.45,54630.56,2906836
2021-03-22,54630.56,54898.88,52083.48,52797.54,2472622
2021-03-23,52797.54,53503.89,51121.01,51375.26,3189134
2021-03-24,51375.26,52197.58,49941.39,50266.26,2671691
2021-03-25,50266.26,54202.35,49647.12,53280.43,3594057
2021-03-26,53280.43,56194.01,52952.34,55943.7,6703174
2021-03-27,55943.7,57202.57,55752.12,56506.12,8501598
2021-03-28,56506.12,57305.12,55983.92,57194.58,4908251
2021-03-29,57194.58,57559.04,54085.03,54547.88,2046982
2021-03-30,54547.88,55380.98,54546.99,55238.52,2641833
2021-03-31,55238.52,57812.56,54927.38,57759.67,11636169
2021-04-01,57759.67,60877.62,57642.35,60641.17,3351056
2021-04-02,60641.17,64937.06,60488.85,64120.17,2605412
2021-04-03,64120.17,65377.76,59499.05,59630.28,1274492
2021-04-04,59630.28,62109.99,59355.54,61711.5,4382162
2021-04-05,61711.5,62455.69,57419.34,58483.33,5164416
2021-04-06,58483.33,59671.79,53218.19,54090.01,2177139
2021-04-07,54090.01,55708.23,54066.37,55204.69,5591963
2021-04-08,55204.69,55602.4,54926.88,55406.83,5513203
2021-04-09,55406.83,55449.37,53824.53,55004.85,4224749
2021-04-10,55004.85,55643.09,51678.62,52714.06,2962041
2021-04-11,52714.06,52736.02,50413.04,50504.71,2218593
2021-04-12,50504.71,50756.91,50116.47,50597.2,2212930
2021-04-13,50597.2,53937.13,50158.6,53801.3,4137152
2021-04-14,53801.3,54286.51,53024.4,53180.57,2560249
2021-04-15,53180.57,54411.06,53140.55,53717.55,2110627
2021-04-16,53717.55,54358.54,51745.93,52450.39,1700055
2021-04-17,52450.39,57583.97,51357.08,57226.86,6553119
2021-04-18,57226.86,57837.73,53142.68,53263.05,4974690
2021-04-19,53263.05,54168.36,52934.37,53295.38,1742060
2021-04-20,53295.38,55589.15,52870.36,55566.19,3515182
2021-04-21,55566.19,59157.07,55407.28,59113.03,7972880
2021-04-22,59113.03,61794.67,58734.36,61741.72,2175149
2021-04-23,61741.72,65969.7,61733.72,65794.71,2109898
2021-04-24,65794.71,66108.44,64915.43,65404.64,1121973
2021-04-25,65404.64,71431.13,65023.6,70041.52,3724537
2021-04-26,70041.52,70758.61,69786.74,69935.85,3540458
2021-04-27,69935.85,71568.8,69580.29,71110.99,1756932
2021-04-28,71110.99,71362.12,63955.54,64172.19,2660598
2021-04-29,64172.19,64449.77,62798.02,63141.18,5484631
2021-04-30,63141.18,63368.98,57623.93,58324.54,2665660
2021-05-01,58324.54,58912.5,53652.12,54222.32,2144093
2021-05-02,54222.32,54231.02,50852.27,51277.57,1082119
2021-05-03,51277.57,52150.64,51192.86,51751.71,4344704
2021-05-04,51751.71,51958.91,49901.14,50218.91,10174004
2021-05-05,50218.91,50714.36,49670.83,50588.79,2172739
2021-05-06,50588.79,53526.93,50063.91,53312.59,2533194
2021-05-07,53312.59,53834.4,52636.4,52862.33,2479771
2021-05-08,52862.33,55231.02,52643.78,54698.49,8355227
2021-05-09,54698.49,55379.3,53180.94,53271.81,4964299
2021-05-10,53271.81,54510.23,51519.45,51664.1,1862174
2021-05-11,51664.1,61642.56,51211.76,61563.01,3621160
2021-05-12,61563.01,62364.46,60127.4,60326.04,2584026
2021-05-13,60326.04,60584.92,58801.38,59536.63,1886666
2021-05-14,59536.63,61541.72,59062.42,60716.75,4548861
2021-05-15,60716.75,62602.44,60078.14,61787.56,2888697
2021-05-16,61787.56,62286.44,61608.18,61707.75,4817358
2021-05-17,61707.75,63748.71,61264.5,62788.19,5141954
2021-05-18,62788.19,63199.53,61350.45,61373.18,4052012
2021-05-19,61373.18,63925.43,61018.25,63813.15,2073443
2021-05-20,63813.15,64841.79,61580.67,61931.92,5748470
2021-05-21,61931.92,67268.69,61744.2,66885.05,5857599
2021-05-22,66885.05,70080.82,65858.58,69386.53,13230248
2021-05-23,69386.53,73334.59,68992.61,73321.45,2926269
2021-05-24,73321.45,73997.2,70259.8,71268.22,3479930
2021-05-25,71268.22,71998.21,70154.14,70698.89,2392825
2021-05-26,70698.89,77247.28,70018.21,77132.35,3563590
2021-05-27,77132.35,82204.73,77122.32,81843.83,3371216
2021-05-28,81843.83,82580.86,76024.6,77075.25,4804001
2021-05-29,77075.25,78722.39,76900.09,78043.41,4751591
2021-05-30,78043.41,81277.26,77118.43,80866.91,2338406
2021-05-31,80866.91,83937.71,80732.33,83635.8,2006715
2021-06-01,83635.8,83940.34,81730.17,83661.21,812602
2021-06-02,83661.21,87203.8,83144.69,86291.59,1793922
2021-06-03,86291.59,86483.5,82305.32,83223.3,5813612
2021-06-04,83223.3,84755.61,82591.1,83657.94,3263544
2021-06-05,83657.94,85814.83,82788.77,83539.62,2074401
2021-06-06,83539.62,84245.07,78736.97,80972.43,2934821
2021-06-07,80972.43,81898.0,78650.88,80137.26,1993113
2021-06-08,80137.26,80809.72,79956.94,80630.28,5979192
2021-06-09,80630.28,81713.09,80527.32,81361.36,4314847
2021-06-10,81361.36,81462.16,76228.94,76445.71,2841071
2021-06-11,76445.71,78337.49,75476.36,77524.39,1681887
2021-06-12,77524.39,82670.62,76906.56,82092.46,3147485
2021-06-13,82092.46,82633.37,81113.4,81290.21,8648838
2021-06-14,81290.21,84411.14,80609.25,83339.27,6478455
2021-06-15,83339.27,88273.3,83080.63,87374.53,3463680
2021-06-16,87374.53,89651.49,83337.2,83636.22,2437211
2021-06-17,83636.22,83765.05,82609.3,83155.54,4856480
2021-06-18,83155.54,83707.38,81924.74,83044.05,6253820
2021-06-19,83044.05,87474.75,82977.9,85749.54,5425702
2021-06-20,85749.54,86850.68,79453.04,79592.67,6545547
2021-06-21,79592.67,83793.93,78788.67,83099.17,2963463
2021-06-22,83099.17,85069.97,79487.38,80000.1,2999761
2021-06-23,80000.1,80456.37,79457.93,80012.13,1527858
2021-06-24,80012.13,80543.83,77869.42,79346.34,2814037
2021-06-25,79346.34,81288.41,78981.28,80688.06,2885285
2021-06-26,80688.06,80910.05,77569.74,78076.1,4881331
2021-06-27,78076.1,78942.64,77426.87,78902.94,3626600
2021-06-28,78902.94,79423.24,78084.17,78569.85,2541202
2021-06-29,78569.85,78651.6,77141.64,77504.8,4214724
2021-06-30,77504.8,77947.73,73725.22,74193.71,11149677
2021-07-01,74193.71,75823.98,72534.98,74550.09,2343206
2021-07-02,74550.09,75204.92,68349.36,68765.13,3218817
2021-07-03,68765.13,70194.1,68101.12,70053.49,2133539
2021-07-04,70053.49,70678.51,70023.18,70235.33,5472448
2021-07-05,70235.33,71287.47,69460.14,70677.67,3493040
2021-07-06,70677.67,72369.24,70226.85,71137.62,2579038
2021-07-07,71137.62,71813.66,69401.94,70052.22,4400304
2021-07-08,70052.22,80103.99,69207.03,80028.16,2172810
2021-07-09,80028.16,81459.99,79847.52,81140.83,3274603
2021-07-10,81140.83,84788.64,80037.43,83544.33,4747490
2021-07-11,83544.33,87365.22,83321.62,85515.31,2674599
2021-07-12,85515.31,87252.96,84995.46,87211.14,3588714
2021-07-13,87211.14,87380.41,85623.75,85935.66,3567300
2021-07-14,85935.66,86764.96,80127.33,80577.7,3947550
2021-07-15,80577.7,85129.33,79207.08,85073.4,2667770
2021-07-16,85073.4,85224.61,80664.18,81496.45,4658379
2021-07-17,81496.45,82737.45,81315.19,82273.36,1842291
2021-07-18,82273.36,82794.37,80774.34,82025.66,2312976
2021-07-19,82025.66,82225.26,81394.06,81976.81,2339480
2021-07-20,81976.81,82460.44,81909.47,82271.7,5715246
2021-07-21,82271.7,83721.52,81893.31,83340.86,4429322
2021-07-22,83340.86,89709.38,81975.64,89420.33,6924105
2021-07-23,89420.33,92085.76,89022.72,90653.68,1987369
2021-07-24,90653.68,95177.89,88874.31,93570.54,2696512
2021-07-25,93570.54,94808.4,92433.51,94739.92,4737605
2021-07-26,94739.92,98779.78,94585.72,97951.1,2072161
2021-07-27,97951.1,98376.45,96791.93,98000.93,2349343
2021-07-28,98000.93,101701.39,97539.24,101608.34,5595997
2021-07-29,101608.34,104975.44,101504.93,103957.93,2850440
2021-07-30,103957.93,105750.85,102363.48,104828.05,5028155
2021-07-31,104828.05,110187.78,102610.14,109574.86,2950168
2021-08-01,109574.86,119335.2,108939.66,117952.51,3229854
2021-08-02,117952.51,119385.07,115124.97,117154.34,5595881
2021-08-03,117154.34,127522.0,115196.08,126983.54,2951974
2021-08-04,126983.54,141072.75,124789.84,139616.88,4065965
2021-08-05,139616.88,140110.18,138915.64,139942.2,3633829
2021-08-06,139942.2,145587.1,139266.02,145426.06,7181317
2021-08-07,145426.06,147555.65,137156.35,139332.45,8893831
2021-08-08,139332.45,141813.72,138717.94,138957.82,5085123
2021-08-09,138957.82,144512.09,138217.37,142269.37,1746450
2021-08-10,142269.37,150427.16,141566.52,149267.33,3724104
2021-08-11,149267.33,150269.85,146067.11,146541.61,2825667
2021-08-12,146541.61,146615.5,137156.19,138222.85,786799
2021-08-13,138222.85,146422.35,137705.51,143918.57,3130106
2021-08-14,143918.57,149974.29,143245.47,148128.95,3887403
2021-08-15,148128.95,148835.59,144932.28,148033.82,3712020
2021-08-16,148033.82,149860.09,144634.93,146838.63,5000812
2021-08-17,146838.63,147351.47,129121.74,129775.56,1113546
2021-08-18,129775.56,134409.24,129549.87,133117.6,5636187
2021-08-19,133117.6,133176.49,130423.69,130844.52,2609051
2021-08-20,130844.52,132287.44,130594.69,131658.53,2090091
2021-08-21,131658.53,133786.08,125757.26,127730.0,4204704
2021-08-22,127730.0,128104.25,117505.91,118373.21,4208907
2021-08-23,118373.21,121957.4,117420.08,120977.4,1777136
2021-08-24,120977.4,133845.0,119812.43,133582.4,3812555
2021-08-25,133582.4,133672.56,130162.04,131617.1,5918035
2021-08-26,131617.1,136230.62,130601.51,134691.09,3791658
2021-08-27,134691.09,139916.45,132517.57,139564.22,4101105
2021-08-28,139564.22,140909.74,137061.04,138511.14,4346907
2021-08-29,138511.14,143050.44,138303.29,142147.24,3480854
2021-08-30,142147.24,142169.38,139620.84,141428.33,1437088
2021-08-31,141428.33,143624.09,136311.62,137188.2,1686987
2021-09-01,137188.2,146676.02,134102.71,145209.67,2323310
2021-09-02,145209.67,147295.71,143191.88,145655.46,1435897
2021-09-03,145655.46,154698.49,144665.04,151014.12,4358917
2021-09-04,151014.12,151606.22,148699.9,149829.56,2840988
2021-09-05,149829.56,149976.91,139731.51,141101.47,2400713
2021-09-06,141101.47,141661.41,130495.23,131799.55,5232426
2021-09-07,131799.55,132095.62,126164.4,127399.15,4305994
2021-09-08,127399.15,136062.38,125369.69,135760.6,4074413
2021-09-09,135760.6,136553.35,134974.6,135803.05,3374791
2021-09-10,135803.05,138374.51,135736.7,138182.14,3336042
2021-09-11,138182.14,139098.15,133374.37,134925.23,2812397
2021-09-12,134925.23,135939.02,132799.03,133759.97,5113845
2021-09-13,133759.97,135428.95,132195.55,132512.89,2211078
2021-09-14,132512.89,144723.68,131673.06,142954.16,4020430
2021-09-15,142954.16,143139.74,126269.3,127159.86,2370237
2021-09-16,127159.86,128116.99,120574.05,121383.66,1506401
2021-09-17,121383.66,123685.69,117640.85,118880.31,2520765
2021-09-18,118880.31,120123.48,111298.17,112137.67,5045723
2021-09-19,112137.67,118689.62,110526.06,116687.61,1774237
2021-09-20,116687.61,119114.65,112041.91,112628.61,3622642
2021-09-21,112628.61,113556.68,106261.04,107437.79,4716075
2021-09-22,107437.79,107640.94,100905.31,102441.51,1681468
2021-09-23,102441.51,102616.16,101596.4,102499.93,3543834
2021-09-24,102499.93,103388.11,102164.92,102998.81,1803282
2021-09-25,102998.81,118775.16,101874.78,118419.79,4432919
2021-09-26,118419.79,118794.48,113927.68,114010.91,4828464
2021-09-27,114010.91,115828.99,113791.95,114424.94,2800873
2021-09-28,114424.94,115249.64,113199.92,115074.18,2095131
2021-09-29,115074.18,115349.07,110289.64,112352.67,4214306
2021-09-30,112352.67,114771.5,107221.92,108126.21,3320524
2021-10-01,108126.21,109187.07,108037.73,109185.38,3111312
2021-10-02,109185.38,113134.25,108564.72,112806.8,4411816
2021-10-03,112806.8,113073.43,110322.28,110917.37,2086014
2021-10-04,110917.37,111147.82,110667.64,111137.69,3608452
2021-10-05,111137.69,121199.43,111126.18,120836.75,1696506
2021-10-06,120836.75,121205.58,115861.62,116452.92,3358463
2021-10-07,116452.92,117205.82,108197.05,109223.02,3041788
2021-10-08,109223.02,109878.28,103695.8,104707.81,4027253
2021-10-09,104707.81,104773.42,102136.64,102288.71,2761976
2021-10-10,102288.71,102598.11,100179.24,100194.96,2270780
2021-10-11,100194.96,101109.17,92490.59,94914.64,5215575
2021-10-12,94914.64,95127.97,89376.07,90468.76,2790342
2021-10-13,90468.76,103624.45,90258.27,102840.6,1937213
2021-10-14,102840.6,105763.25,102370.06,104336.29,1799827
2021-10-15,104336.29,108388.46,104208.64,107855.9,2629808
2021-10-16,107855.9,112497.08,107115.02,111044.56,2599661
2021-10-17,111044.56,115413.59,109920.9,114001.91,3838246
2021-10-18,114001.91,116224.81,113669.65,116089.38,2268567
2021-10-19,116089.38,116530.24,114468.25,115401.77,2291629
2021-10-20,115401.77,116957.42,113659.87,115443.05,2848025
2021-10-21,115443.05,116569.95,114362.98,115058.33,3147412
2021-10-22,115058.33,120263.22,115046.79,119575.22,2492260
2021-10-23,119575.22,122291.83,115764.4,116475.94,5940274
2021-10-24,116475.94,124344.37,116329.25,121663.92,2283585
2021-10-25,121663.92,122946.18,120832.23,121912.39,4661122
2021-10-26,121912.39,122055.52,119967.01,121132.55,3183749
2021-10-27,121132.55,121581.35,117899.06,117942.43,1967734
2021-10-28,117942.43,119210.25,117671.22,118229.57,2075782
2021-10-29,118229.57,119150.59,116052.78,117360.74,2718281
2021-10-30,117360.74,118969.78,116984.27,118772.17,3264767
2021-10-31,118772.17,122432.27,116243.57,121992.86,4612769
2021-11-01,121992.86,125683.52,121813.53,123705.32,2724420
2021-11-02,123705.32,124830.22,119592.55,120242.04,3824837
2021-11-03,120242.04,120570.74,116419.0,117828.34,3204704
2021-11-04,117828.34,119916.97,113178.48,113930.43,6700036
2021-11-05,113930.43,115675.14,112571.06,114693.02,2909678
2021-11-06,114693.02,120430.62,114285.5,120133.86,4435372
2021-11-07,120133.86,121523.67,118812.5,121284.22,2128540
2021-11-08,121284.22,124707.04,120451.53,123244.08,1080988
2021-11-09,123244.08,128636.97,122224.86,128530.18,4871445
2021-11-10,128530.18,134774.19,128232.62,133725.74,611820
2021-11-11,133725.74,134984.88,131615.68,132513.42,4573885
2021-11-12,132513.42,133672.95,119152.6,120558.98,2454665
2021-11-13,120558.98,122458.75,119878.73,121443.77,3585023
2021-11-14,121443.77,130690.21,119463.11,128120.0,5273580
2021-11-15,128120.0,129180.64,124420.04,125446.44,3263506
2021-11-16,125446.44,126015.0,123641.55,124824.67,4597472
2021-11-17,124824.67,125824.44,112023.37,112832.18,1285594
2021-11-18,112832.18,112969.55,112404.69,112618.49,4361728
2021-11-19,112618.49,121362.47,112363.43,120069.69,2023380
2021-11-20,120069.69,121376.95,117138.79,118625.59,3891565
2021-11-21,118625.59,120018.81,98736.67,100430.93,7549328
2021-11-22,100430.93,102239.99,99845.0,102038.67,1705807
2021-11-23,102038.67,104902.1,96988.18,97140.08,3859259
2021-11-24,97140.08,97277.86,95486.8,95582.3,3516514
2021-11-25,95582.3,95913.09,94073.96,94124.55,4908498
2021-11-26,94124.55,95022.13,91015.06,91075.65,3695546
2021-11-27,91075.65,95092.12,90917.26,94865.11,3003757
2021-11-28,94865.11,95854.93,93618.81,95388.5,1890494
2021-11-29,95388.5,95494.34,94586.9,94920.35,7609794
2021-11-30,94920.35,99240.99,94821.17,98868.34,10615121
2021-12-01,98868.34,99472.24,95773.28,96068.27,3061141
2021-12-02,96068.27,96226.0,93046.99,93396.7,3326974
2021-12-03,93396.7,94701.1,91662.01,91881.89,6680224
2021-12-04,91881.89,92388.67,86711.04,87671.35,2931821
2021-12-05,87671.35,88241.38,84205.28,84309.13,5720870
2021-12-06,84309.13,85154.8,81659.28,81907.02,2174953
2021-12-07,81907.02,81936.94,74672.86,75873.78,3750278
2021-12-08,75873.78,77543.25,74673.0,76899.35,3952796
2021-12-09,76899.35,83551.36,75912.78,81897.87,2061747
2021-12-10,81897.87,86001.08,80092.81,85604.59,1945974
2021-12-11,85604.59,86355.5,84225.32,85309.29,2295238
2021-12-12,85309.29,86268.08,80299.0,82577.82,5563218
2021-12-13,82577.82,82753.5,78484.8,79108.89,2853463
2021-12-14,79108.89,80280.74,79034.44,79263.65,2782694
2021-12-15,79263.65,81974.53,78582.5,81511.8,5787393
2021-12-16,81511.8,81814.64,80759.85,81567.39,5878801
2021-12-17,81567.39,81863.93,78790.69,79188.3,4322504
2021-12-18,79188.3,80140.69,78805.21,80080.65,2906011
2021-12-19,80080.65,81309.5,79859.06,80962.3,4714108
2021-12-20,80962.3,81642.24,77844.52,77898.88,5504132
2021-12-21,77898.88,78134.05,76271.55,76730.68,7426188
2021-12-22,76730.68,77803.2,75854.32,77476.65,8952463
2021-12-23,77476.65,82265.63,77107.09,81845.36,4561787
2021-12-24,81845.36,82398.19,72218.56,72423.73,2872081
2021-12-25,72423.73,74334.67,71427.27,73983.32,5423614
2021-12-26,73983.32,74076.42,68689.07,69043.89,3576126
2021-12-27,69043.89,70302.48,68207.02,69960.25,4960992
2021-12-28,69960.25,71157.74,69867.46,70697.94,2008171
2021-12-29,70697.94,73596.52,70519.12,73508.03,3166941
2021-12-30,73508.03,81579.15,73222.64,80817.39,2307765
2021-12-31,80817.39,83696.33,80006.62,83283.9,9142332
2022-01-01,83283.9,86926.74,82058.22,85026.83,2867391
2022-01-02,85026.83,85476.03,79527.32,80052.15,7017108
2022-01-03,80052.15,80688.07,78151.52,79131.67,3461994
2022-01-04,79131.67,80470.67,77390.59,77665.05,6560517
2022-01-05,77665.05,78275.57,73129.06,74410.29,3134155
2022-01-06,74410.29,74430.92,72328.29,73147.85,3094172
2022-01-07,73147.85,73490.61,70640.22,70695.03,4489581
2022-01-08,70695.03,73066.77,70438.6,72200.61,2542606
2022-01-09,72200.61,72872.71,69373.73,70008.61,2935096
2022-01-10,70008.61,72203.41,68257.13,72054.94,1518696
2022-01-11,72054.94,78313.19,71126.91,77918.45,877019
2022-01-12,77918.45,82527.37,77540.57,80621.7,4817293
2022-01-13,80621.7,81783.57,73598.12,73974.24,3086084
2022-01-14,73974.24,76638.76,73876.5,76195.42,6358534
2022-01-15,76195.42,85634.71,75891.32,84793.17,2358535
2022-01-16,84793.17,86368.62,80573.47,80789.28,4215853
2022-01-17,80789.28,81512.37,76288.38,76399.05,2403925
2022-01-18,76399.05,76660.96,72976.66,74581.51,2281681
2022-01-19,74581.51,75317.77,73725.61,74104.97,3005173
2022-01-20,74104.97,78255.1,74031.91,77359.97,3299972
2022-01-21,77359.97,79539.96,77064.81,79354.89,4494199
2022-01-22,79354.89,80189.13,79328.52,79596.31,2945949
2022-01-23,79596.31,81094.19,77763.67,79317.82,4715307
2022-01-24,79317.82,82824.67,78805.24,81772.0,7941839
2022-01-25,81772.0,82523.61,78229.09,78437.56,6693926
2022-01-26,78437.56,80356.49,78332.21,79965.71,4903227
2022-01-27,79965.71,83704.95,78697.74,82266.49,4827230
2022-01-28,82266.49,83485.7,78628.36,79507.48,2935943
2022-01-29,79507.48,80127.37,78690.77,78729.8,3015655
2022-01-30,78729.8,79685.04,73654.7,74915.86,2184865
2022-01-31,74915.86,78773.08,73498.91,77520.67,2594623
2022-02-01,77520.67,78409.57,68560.9,69333.79,3432632
2022-02-02,69333.79,69442.85,67904.13,69125.79,1582495
2022-02-03,69125.79,69432.44,67136.0,67166.98,3186946
2022-02-04,67166.98,68143.02,63853.73,63934.13,3245892
2022-02-05,63934.13,63994.87,62057.7,62069.06,3987289
2022-02-06,62069.06,62145.61,59119.17,59376.43,5443660
2022-02-07,59376.43,61077.94,58169.13,60563.89,3411548
2022-02-08,60563.89,62285.55,60386.28,61970.29,1809375
2022-02-09,61970.29,62320.31,60350.91,60900.28,5555624
2022-02-10,60900.28,63633.09,60477.71,63231.98,4104054
2022-02-11,63231.98,64791.51,63068.86,64302.32,1963460
2022-02-12,64302.32,65036.75,60155.41,60566.37,3395074
2022-02-13,60566.37,67522.92,60490.9,66219.78,1818830
2022-02-14,66219.78,66513.52,65045.69,66254.78,6143841
2022-02-15,66254.78,66687.93,64066.28,64220.72,974936
2022-02-16,64220.72,70579.49,64185.46,70389.64,3770721
2022-02-17,70389.64,72206.79,69569.03,71743.88,2951347
2022-02-18,71743.88,72463.88,71007.19,71476.0,3603326
2022-02-19,71476.0,71778.47,70795.58,71500.67,5669309
2022-02-20,71500.67,72034.84,70104.11,70546.24,5031339
2022-02-21,70546.24,73344.56,70182.89,72970.16,4675417
2022-02-22,72970.16,74559.47,72102.61,74119.32,4658257
2022-02-23,74119.32,75908.89,73511.36,75105.16,3229978
2022-02-24,75105.16,76331.29,70306.95,70868.52,2802491
2022-02-25,70868.52,71019.68,65278.63,66242.47,3274062
2022-02-26,66242.47,66297.13,64833.95,65893.22,2232511
2022-02-27,65893.22,66512.55,64085.83,64185.27,4640664
2022-02-28,64185.27,64591.79,63219.77,63624.05,1759201
2022-03-01,63624.05,63998.16,63080.27,63821.14,3865179
2022-03-02,63821.14,64544.15,62672.03,63902.75,6073667
2022-03-03,63902.75,64752.36,63363.81,64435.57,4324143
2022-03-04,64435.57,65924.33,64182.72,65033.56,2534528
2022-03-05,65033.56,66191.0,64815.54,65040.38,2035503
2022-03-06,65040.38,65050.38,63471.15,63679.95,3532778
2022-03-07,63679.95,66151.3,63506.12,65582.61,2216035
2022-03-08,65582.61,67649.47,65410.42,67320.81,3601262
2022-03-09,67320.81,69488.37,67276.68,69393.04,8805137
2022-03-10,69393.04,74245.75,68723.12,73272.62,6065122
2022-03-11,73272.62,73718.43,73123.65,73573.26,2835300
2022-03-12,73573.26,73676.09,72518.28,72518.67,4415375
2022-03-13,72518.67,74183.83,67958.35,68926.46,1610010
2022-03-14,68926.46,72205.41,68497.6,71975.03,1849791
2022-03-15,71975.03,74721.23,71276.19,74664.66,7283533
2022-03-16,74664.66,74976.73,72167.15,72800.26,5738551
2022-03-17,72800.26,73996.13,69708.13,69842.43,3035505
2022-03-18,69842.43,70828.98,67737.11,67764.84,1980591
2022-03-19,67764.84,68112.61,62364.1,62474.36,3406394
2022-03-20,62474.36,64154.14,62088.87,63977.87,3928209
2022-03-21,63977.87,64290.47,62715.41,63797.53,2773810
2022-03-22,63797.53,64011.94,62394.63,62874.45,3498612
2022-03-23,62874.45,63725.49,58457.25,59582.05,2274869
2022-03-24,59582.05,62748.37,59012.62,62235.95,8533417
2022-03-25,62235.95,66920.55,62014.52,66398.45,4800634
2022-03-26,66398.45,69522.24,65778.06,69397.52,2342854
2022-03-27,69397.52,70330.19,68906.98,70224.91,3199957
2022-03-28,70224.91,73665.26,70093.02,72382.07,1473485
2022-03-29,72382.07,76748.87,71896.51,75727.44,4478729
2022-03-30,75727.44,78966.64,75378.78,77839.63,5037257
2022-03-31,77839.63,80427.53,76965.59,80378.81,4234483
2022-04-01,80378.81,80713.56,79468.65,80033.23,3372476
2022-04-02,80033.23,84162.4,78775.91,83235.2,3243533
2022-04-03,83235.2,83687.89,82444.66,83024.96,6114089
2022-04-04,83024.96,85167.3,81939.35,85010.33,3597790
2022-04-05,85010.33,93336.54,84199.61,91905.79,3196661
2022-04-06,91905.79,92276.0,87178.41,89299.88,4408851
2022-04-07,89299.88,89576.6,84754.53,87008.52,3189955
2022-04-08,87008.52,87733.66,86292.24,87190.01,3139970
2022-04-09,87190.01,95432.38,86711.59,94889.06,2444685
2022-04-10,94889.06,95616.46,94280.36,95072.56,4172125
2022-04-11,95072.56,101364.81,93748.7,101171.67,5883377
2022-04-12,101171.67,103323.25,100854.95,102094.91,3267859
2022-04-13,102094.91,102712.09,97269.99,97728.9,4671784
2022-04-14,97728.9,98582.0,83996.15,87038.93,1572688
2022-04-15,87038.93,94289.83,85555.18,94000.85,2646449
2022-04-16,94000.85,100071.39,93245.11,98189.91,4747098
2022-04-17,98189.91,98885.51,94092.74,94557.77,7656209
2022-04-18,94557.77,95277.97,88421.17,88614.3,1876040
2022-04-19,88614.3,93605.71,88514.6,93107.84,5344486
2022-04-20,93107.84,93845.9,90670.53,91062.19,3413257
2022-04-21,91062.19,92323.53,86656.87,86751.41,5482005
2022-04-22,86751.41,87804.03,82373.62,84855.58,6100648
2022-04-23,84855.58,85420.86,82398.3,84443.88,5019733
2022-04-24,84443.88,84910.28,83526.38,84015.44,2436274
2022-04-25,84015.44,84201.8,83085.4,84016.86,2076864
2022-04-26,84016.86,85540.37,80223.05,80913.83,3679042
2022-04-27,80913.83,81507.91,79093.95,79378.61,2165085
2022-04-28,79378.61,82029.22,79098.01,81417.67,1945277
2022-04-29,81417.67,94790.74,81077.02,94314.88,6588256
2022-04-30,94314.88,98007.66,93399.65,96556.34,4885013
2022-05-01,96556.34,97690.78,95970.51,96765.53,2982885
2022-05-02,96765.53,99548.42,95975.85,98672.55,3149941
2022-05-03,98672.55,103474.34,97844.75,102526.83,2400946
2022-05-04,102526.83,103654.78,99561.09,100625.92,5224031
2022-05-05,100625.92,103048.64,99527.39,102958.07,2693764
2022-05-06,102958.07,106463.79,102895.99,105567.42,4103691
2022-05-07,105567.42,109620.19,105038.88,108533.29,3351393
2022-05-08,108533.29,109386.22,108275.04,108668.66,3739685
2022-05-09,108668.66,111225.3,108148.31,109703.98,2123576
2022-05-10,109703.98,112917.31,108991.57,112476.39,4809229
2022-05-11,112476.39,119227.71,112061.04,116964.79,3511992
2022-05-12,116964.79,117442.77,108437.87,109810.26,1532563
2022-05-13,109810.26,115595.55,109221.89,114600.31,1392095
2022-05-14,114600.31,116016.56,109640.08,110236.52,3027530
2022-05-15,110236.52,117025.82,109839.92,115699.18,1684494
2022-05-16,115699.18,116000.32,113561.79,114140.57,1419441
2022-05-17,114140.57,114229.0,108697.18,108948.19,2059313
2022-05-18,108948.19,113615.79,107740.77,112451.64,1424566
2022-05-19,112451.64,113196.95,108295.59,109303.21,1978839
2022-05-20,109303.21,110281.86,109212.07,110205.44,3587070
2022-05-21,110205.44,111979.52,108773.23,111076.77,4949841
2022-05-22,111076.77,115655.26,109327.34,114342.31,5194085
2022-05-23,114342.31,118879.32,113711.73,117080.35,3875923
2022-05-24,117080.35,120374.26,116068.12,118798.43,7630731
2022-05-25,118798.43,119403.97,118118.84,119099.26,3168929
2022-05-26,119099.26,124319.14,118069.78,123905.2,3046597
2022-05-27,123905.2,125639.68,123364.03,125401.84,1464041
2022-05-28,125401.84,135046.46,124389.18,133206.28,2009464
2022-05-29,133206.28,133962.81,119849.68,121027.42,1278602
2022-05-30,121027.42,124759.65,119238.45,123098.38,1856666
2022-05-31,123098.38,124197.15,120936.59,122055.53,2312024
2022-06-01,122055.53,126664.14,121575.1,123588.57,6816791
2022-06-02,123588.57,127037.23,123069.01,126297.36,6461089
2022-06-03,126297.36,129026.77,122179.45,127883.02,3183691
2022-06-04,127883.02,130346.49,125966.01,129724.56,3269705
2022-06-05,129724.56,130278.61,122996.22,123990.36,969857
2022-06-06,123990.36,125238.34,114537.04,115343.56,2555659
2022-06-07,115343.56,118872.04,114685.4,117649.82,5304639
2022-06-08,117649.82,118370.11,116287.28,116403.23,1425626
2022-06-09,116403.23,117023.46,107262.1,107781.46,4297879
2022-06-10,107781.46,110240.17,106546.78,109959.82,1653349
2022-06-11,109959.82,112803.38,109707.14,112793.19,2135682
2022-06-12,112793.19,116988.86,112322.08,113597.68,4992755
2022-06-13,113597.68,114594.71,111261.49,114406.33,1857154
2022-06-14,114406.33,117495.74,113219.92,116417.27,4741707
2022-06-15,116417.27,119031.53,115591.19,116990.47,1742353
2022-06-16,116990.47,117351.36,114571.3,116218.85,4412401
2022-06-17,116218.85,116907.94,114558.68,115740.83,9287884
2022-06-18,115740.83,117916.67,108243.52,109431.87,5540578
2022-06-19,109431.87,110963.96,109073.13,109543.01,5189433
2022-06-20,109543.01,109636.87,105410.18,105765.27,2202882
2022-06-21,105765.27,108342.05,104857.32,107475.72,2907167
2022-06-22,107475.72,109287.56,107426.6,107727.03,2229981
2022-06-23,107727.03,116590.48,107424.71,115483.6,7875838
2022-06-24,115483.6,117558.82,113074.82,117103.1,2977412
2022-06-25,117103.1,118777.86,115311.02,116240.99,3166817
2022-06-26,116240.99,121946.8,115920.52,121391.67,5232229
2022-06-27,121391.67,123675.85,120655.19,123621.12,3633263
2022-06-28,123621.12,129571.42,122288.65,128937.17,2316669
2022-06-29,128937.17,130833.72,122659.42,123405.71,1085137
2022-06-30,123405.71,129027.96,123147.85,127403.72,9389173
2022-07-01,127403.72,130676.23,126821.13,128728.56,6769319
2022-07-02,128728.56,133073.24,127255.56,132031.44,3364013
2022-07-03,132031.44,139220.5,131446.48,137127.67,2572152
2022-07-04,137127.67,139330.59,136385.25,138688.21,6721745
2022-07-05,138688.21,143076.12,137256.22,142633.12,3988650
2022-07-06,142633.12,152139.11,141734.08,151808.1,1974789
2022-07-07,151808.1,152851.6,147908.88,147931.98,5132680
2022-07-08,147931.98,150179.49,141790.76,143379.9,4405619
2022-07-09,143379.9,149801.02,143133.51,148173.26,4310763
2022-07-10,148173.26,149499.51,140783.54,142224.72,4641708
2022-07-11,142224.72,143103.49,134026.73,134771.08,4469626
2022-07-12,134771.08,135555.48,130369.56,131619.18,6698321
2022-07-13,131619.18,131706.56,129178.13,129631.38,1494942
2022-07-14,129631.38,130536.59,128761.89,130193.6,2824579
2022-07-15,130193.6,131032.86,127215.89,128185.99,4440308
2022-07-16,128185.99,128498.86,109966.91,110293.28,5664270
2022-07-17,110293.28,111521.25,106203.05,106420.81,3276894
2022-07-18,106420.81,107122.89,105343.64,106049.77,3003907
2022-07-19,106049.77,112040.27,105801.89,111152.06,1912673
2022-07-20,111152.06,115595.39,109607.1,115365.92,1538723
2022-07-21,115365.92,117927.07,112118.42,113412.29,3238930
2022-07-22,113412.29,116383.7,112348.23,116311.64,2737433
2022-07-23,116311.64,116490.11,112474.95,114313.55,3903890
2022-07-24,114313.55,115774.86,112902.14,113007.33,2502606
2022-07-25,113007.33,115718.65,112804.87,115641.3,1734089
2022-07-26,115641.3,124043.02,115134.03,123471.14,3496372
2022-07-27,123471.14,125728.51,122671.89,124521.86,3647294
2022-07-28,124521.86,124831.93,122352.37,122818.89,3572533
2022-07-29,122818.89,123779.65,121823.96,123648.06,1907040
2022-07-30,123648.06,127128.58,122395.47,123952.27,6892944
2022-07-31,123952.27,125393.41,123204.58,125151.4,2377921
2022-08-01,125151.4,131146.3,124708.29,129071.3,2122420
2022-08-02,129071.3,130686.51,119706.57,120096.68,4538824
2022-08-03,120096.68,126571.01,119981.36,126246.4,1730381
2022-08-04,126246.4,127219.78,125361.66,125879.51,2566298
2022-08-05,125879.51,134468.44,124910.25,133685.72,1709893
2022-08-06,133685.72,133928.27,131185.6,131685.22,3859439
2022-08-07,131685.22,136394.93,131643.82,135878.26,2138864
2022-08-08,135878.26,141217.5,135557.02,138739.79,1921258
2022-08-09,138739.79,138764.82,133090.98,133218.15,1344962
2022-08-10,133218.15,134327.93,131398.66,132975.56,1023789
2022-08-11,132975.56,137856.26,132334.53,135630.35,3930851
2022-08-12,135630.35,140288.52,134024.0,137635.36,2546697
2022-08-13,137635.36,146084.4,135919.2,145975.29,3169226
2022-08-14,145975.29,151535.71,145207.22,150982.35,1224268
2022-08-15,150982.35,151503.16,145707.41,148535.73,7370377
2022-08-16,148535.73,160473.98,145421.42,160219.16,5034858
2022-08-17,160219.16,160863.38,154460.55,155375.51,2150839
2022-08-18,155375.51,156213.17,151646.13,152225.17,2971505
2022-08-19,152225.17,153416.81,150371.13,152736.99,2529170
2022-08-20,152736.99,153089.09,148453.35,149051.88,4131527
2022-08-21,149051.88,153399.14,148442.85,151913.68,2802705
2022-08-22,151913.68,153260.67,130891.22,131655.91,3489353
2022-08-23,131655.91,132456.31,123970.91,125708.19,3704099
2022-08-24,125708.19,126693.14,121262.65,121435.2,4357245
2022-08-25,121435.2,125956.59,121338.08,124710.95,7318348
2022-08-26,124710.95,126619.13,124441.07,126405.87,8254609
2022-08-27,126405.87,127354.27,115413.16,118263.37,3651854
2022-08-28,118263.37,119520.22,115798.62,118469.71,7743375
2022-08-29,118469.71,130208.68,117702.47,129835.62,1864000
2022-08-30,129835.62,137190.1,128691.68,136926.79,7117024
2022-08-31,136926.79,147492.46,135382.65,146228.82,3574354
2022-09-01,146228.82,147774.94,137873.92,139033.44,3049090
2022-09-02,139033.44,141315.33,134499.67,136178.66,1979609
2022-09-03,136178.66,137435.7,134686.92,136886.56,4295320
2022-09-04,136886.56,143315.7,133882.93,141208.49,3424372
2022-09-05,141208.49,142125.1,139445.68,140104.84,8657256
2022-09-06,140104.84,142816.68,135294.94,136255.59,2627045
2022-09-07,136255.59,141084.71,136229.49,140446.43,3666875
2022-09-08,140446.43,140751.6,132695.18,133762.07,1995763
2022-09-09,133762.07,135447.89,129431.94,129774.93,4697775
2022-09-10,129774.93,130501.23,126041.98,126289.1,6847278
2022-09-11,126289.1,127015.69,124191.27,124669.61,5267186
2022-09-12,124669.61,125931.44,121103.86,121279.07,2035957
2022-09-13,121279.07,122120.58,121004.37,122026.63,3713653
2022-09-14,122026.63,123615.71,121517.81,121907.18,3487371
2022-09-15,121907.18,124597.4,119706.08,123800.07,6497343
2022-09-16,123800.07,123962.18,122090.13,122142.75,2875463
2022-09-17,122142.75,130658.59,121330.85,130372.05,3421140
2022-09-18,130372.05,130771.73,128728.85,129677.5,2887267
2022-09-19,129677.5,130251.69,122482.04,123341.4,5360335
2022-09-20,123341.4,128139.15,122980.03,127732.83,3948345
2022-09-21,127732.83,131677.27,125985.28,129615.73,2735582
2022-09-22,129615.73,130159.94,127109.22,127138.88,2587493
2022-09-23,127138.88,127420.22,122141.15,122475.76,4079966
2022-09-24,122475.76,122990.3,119077.52,120504.67,3607996
2022-09-25,120504.67,121758.66,117235.07,118766.88,3735878
2022-09-26,118766.88,121134.87,117918.28,119839.24,5119089
2022-09-27,119839.24,120109.72,116968.31,117722.2,3521811
2022-09-28,117722.2,118690.44,111593.59,113334.17,5639887
2022-09-29,113334.17,114198.09,109448.69,110589.84,6406999
2022-09-30,110589.84,114793.64,110461.19,113554.07,2824495
2022-10-01,113554.07,117459.92,111741.69,117294.19,2734969
2022-10-02,117294.19,129473.28,116466.55,126990.33,2041012
2022-10-03,126990.33,127059.76,124537.62,125085.82,2497798
2022-10-04,125085.82,133529.98,123988.91,133315.32,1872168
2022-10-05,133315.32,134199.46,122304.41,122921.44,2865841
2022-10-06,122921.44,123030.74,120676.36,122100.34,1134927
2022-10-07,122100.34,137361.28,121816.91,136334.91,5852078
2022-10-08,136334.91,140263.94,136257.76,139965.27,6013306
2022-10-09,139965.27,140166.24,130252.62,130547.2,3132042
2022-10-10,130547.2,138518.53,129187.26,137566.36,4376553
2022-10-11,137566.36,138364.05,136979.66,137080.32,2762953
2022-10-12,137080.32,144929.43,135307.68,143369.94,4352213
2022-10-13,143369.94,148500.13,142899.94,145774.42,2760032
2022-10-14,145774.42,154284.36,145491.22,153553.46,2240263
2022-10-15,153553.46,161980.93,152979.69,159343.15,2536673
2022-10-16,159343.15,159512.41,138495.08,139459.26,5512712
2022-10-17,139459.26,145125.16,139291.53,143617.36,3295487
2022-10-18,143617.36,145082.31,142813.48,144051.38,3957857
2022-10-19,144051.38,144138.45,135538.9,137132.28,2801165
2022-10-20,137132.28,138596.09,131978.94,133909.71,5018619
2022-10-21,133909.71,135546.12,129204.0,129674.96,4238725
2022-10-22,129674.96,131967.39,127370.19,129254.21,3743452
2022-10-23,129254.21,130491.83,124227.0,126356.96,3878077
2022-10-24,126356.96,128551.54,121392.92,121863.69,2692687
2022-10-25,121863.69,122993.86,112930.23,114410.5,1763726
2022-10-26,114410.5,114830.08,110612.23,111574.48,3875766
2022-10-27,111574.48,111970.61,109458.85,109973.33,9254632
2022-10-28,109973.33,114308.57,109463.8,111029.78,1948696
2022-10-29,111029.78,113100.17,109159.26,111309.97,1164324
2022-10-30,111309.97,118718.43,111175.19,117419.88,3329744
2022-10-31,117419.88,118044.15,110433.41,110674.08,2143712
2022-11-01,110674.08,110851.02,102852.67,104318.61,3211039
2022-11-02,104318.61,109414.02,104022.77,108721.09,11391851
2022-11-03,108721.09,109031.64,107214.65,108304.49,2752477
2022-11-04,108304.49,108710.06,107047.62,108307.73,1733402
2022-11-05,108307.73,109137.16,103295.7,103669.33,2850079
2022-11-06,103669.33,104024.25,101016.31,101388.58,1763310
2022-11-07,101388.58,108845.08,101200.39,108587.53,2783297
2022-11-08,108587.53,109281.69,107197.11,108984.49,3593869
2022-11-09,108984.49,114353.59,107216.55,112936.33,8671661
2022-11-10,112936.33,112936.89,108158.09,109993.44,5550309
2022-11-11,109993.44,110842.5,108346.35,109438.19,5489366
2022-11-12,109438.19,117117.26,108739.25,116831.24,5548616
2022-11-13,116831.24,118626.72,116068.74,118451.3,1850851
2022-11-14,118451.3,138394.33,117702.17,136034.37,3779023
2022-11-15,136034.37,137464.31,135920.92,137133.54,664037
2022-11-16,137133.54,140989.35,135748.43,140547.1,1921362
2022-11-17,140547.1,146294.25,140374.08,143560.21,5189599
2022-11-18,143560.21,145275.64,140856.84,141474.17,980743
2022-11-19,141474.17,141734.27,137551.29,137675.71,5328920
2022-11-20,137675.71,140424.1,134988.83,136555.27,3212339
2022-11-21,136555.27,145754.23,135404.34,144617.12,5975868
2022-11-22,144617.12,147167.9,144148.67,145721.23,6356563
2022-11-23,145721.23,150970.37,145603.83,149332.63,1232057
2022-11-24,149332.63,150384.26,144350.89,146161.86,12511676
2022-11-25,146161.86,147709.01,140335.95,141286.25,5963209
2022-11-26,141286.25,152618.64,138501.69,152550.36,3237349
2022-11-27,152550.36,154196.97,145873.54,148230.16,4355873
2022-11-28,148230.16,157728.44,147342.65,155639.56,2063431
2022-11-29,155639.56,156898.57,143276.18,144761.97,6046561
2022-11-30,144761.97,147119.37,136859.71,140018.89,1813519
2022-12-01,140018.89,142609.73,139187.44,141227.38,3009198
2022-12-02,141227.38,144774.64,138311.09,141757.01,2319821
2022-12-03,141757.01,142096.34,134832.63,137295.57,1659913
2022-12-04,137295.57,139977.3,133794.54,134025.77,4220362
2022-12-05,134025.77,146416.81,131770.58,145627.1,1959080
2022-12-06,145627.1,147031.72,143133.47,144346.54,4584634
2022-12-07,144346.54,145885.9,144039.7,144899.06,5462915
2022-12-08,144899.06,151502.1,144719.51,150652.5,2200390
2022-12-09,150652.5,151863.62,149615.18,149725.93,3147651
2022-12-10,149725.93,162433.11,147925.51,160212.58,3830758
2022-12-11,160212.58,161544.38,159328.78,160115.63,4346494
2022-12-12,160115.63,161530.75,159219.66,161371.24,2176513
2022-12-13,161371.24,162166.43,159862.17,160960.02,3481900
2022-12-14,160960.02,164254.65,158924.58,159867.65,4985985
2022-12-15,159867.65,161578.07,158173.69,159048.64,3037323
2022-12-16,159048.64,164228.37,158581.98,163887.81,1583724
2022-12-17,163887.81,167925.64,163473.88,165920.74,6532276
2022-12-18,165920.74,170523.78,163396.1,168666.22,7829188
2022-12-19,168666.22,170116.18,167698.51,169140.58,1726916
2022-12-20,169140.58,169635.68,159418.84,161683.05,4312862
2022-12-21,161683.05,161896.91,152934.52,153105.24,2185853
2022-12-22,153105.24,153738.51,150367.08,151180.79,3054335
2022-12-23,151180.79,156665.17,149534.78,152846.32,2708348
2022-12-24,152846.32,154893.64,152652.93,153099.84,2264174
2022-12-25,153099.84,158964.38,152831.47,158683.54,1675525
2022-12-26,158683.54,158892.88,155791.01,156554.98,4928195
2022-12-27,156554.98,156742.22,146293.8,147738.41,1140727
2022-12-28,147738.41,155984.1,143836.79,153851.18,2780888
2022-12-29,153851.18,155383.93,152428.73,154599.46,1470628
2022-12-30,154599.46,154929.46,152034.92,152984.57,5499096
2022-12-31,152984.57,157031.07,145353.18,145619.89,2735058
2023-01-01,145619.89,152735.03,144887.83,151782.88,2746542
2023-01-02,151782.88,152686.96,148817.23,149299.43,3170811
2023-01-03,149299.43,152874.13,148472.23,152062.73,7272264
2023-01-04,152062.73,159055.6,150852.98,158606.82,4041784
2023-01-05,158606.82,169545.34,158357.4,165868.34,3279185
2023-01-06,165868.34,169741.95,164903.35,168347.37,1817659
2023-01-07,168347.37,171828.63,165437.13,167349.43,1374675
2023-01-08,167349.43,167790.48,157237.59,160603.59,7255143
2023-01-09,160603.59,182918.07,159647.68,181444.02,3212061
2023-01-10,181444.02,183669.29,172731.6,175005.27,2711385
2023-01-11,175005.27,175073.79,167461.47,168454.26,2868553
2023-01-12,168454.26,170211.35,167088.83,169584.98,1372236
2023-01-13,169584.98,170127.46,167412.4,168556.67,2797744
2023-01-14,168556.67,171695.73,167057.45,169938.34,2773882
2023-01-15,169938.34,176843.56,168143.92,174571.81,3244116
2023-01-16,174571.81,176000.11,163582.97,164309.35,6019805
2023-01-17,164309.35,165725.51,157938.38,158546.34,2671942
2023-01-18,158546.34,160565.71,153404.84,155902.31,7574120
2023-01-19,155902.31,160404.64,154951.73,159115.2,7493509
2023-01-20,159115.2,161470.27,148751.81,150425.41,1952940
2023-01-21,150425.41,152245.67,144578.36,146023.17,6137829
2023-01-22,146023.17,147286.32,145442.71,147077.82,2791553
2023-01-23,147077.82,148668.95,139426.54,139976.37,1653730
2023-01-24,139976.37,140317.23,127804.01,128843.45,1402348
2023-01-25,128843.45,131742.88,127950.75,131496.27,4719997
2023-01-26,131496.27,131869.93,126415.76,127090.74,7357635
2023-01-27,127090.74,129176.59,124678.85,127316.59,2035096
2023-01-28,127316.59,128289.33,122695.1,123726.1,2375839
2023-01-29,123726.1,124417.79,123204.54,124323.61,3735563
2023-01-30,124323.61,124783.68,121117.64,122972.3,1833084
2023-01-31,122972.3,123892.42,121974.99,122996.17,1872859
2023-02-01,122996.17,124496.96,122301.26,124232.67,4039397
2023-02-02,124232.67,125976.59,124223.75,125798.25,1151713
2023-02-03,125798.25,129432.41,124553.02,126630.67,2403426
2023-02-04,126630.67,127062.04,125263.11,126186.01,4391630
2023-02-05,126186.01,126613.39,125179.26,125684.4,2278478
2023-02-06,125684.4,131020.69,125603.1,129529.52,3390327
2023-02-07,129529.52,130186.19,129075.25,129990.89,5526123
2023-02-08,129990.89,132102.66,129206.92,131662.73,2136612
2023-02-09,131662.73,143625.92,131163.98,143246.63,3948769
2023-02-10,143246.63,143697.44,138705.89,140416.43,5546536
2023-02-11,140416.43,145299.71,140106.2,144843.33,2055292
2023-02-12,144843.33,145629.1,143516.1,145356.85,2151207
2023-02-13,145356.85,145803.99,143307.47,144788.05,2809506
2023-02-14,144788.05,145437.12,142709.03,145053.93,1693134
2023-02-15,145053.93,149752.57,145031.84,146625.64,5520205
2023-02-16,146625.64,146661.42,140677.78,140933.51,3099748
2023-02-17,140933.51,148471.7,138961.45,145985.32,2700733
2023-02-18,145985.32,149459.37,144233.94,148738.3,1026769
2023-02-19,148738.3,154623.8,147404.73,153353.73,1416748
2023-02-20,153353.73,153524.65,152651.6,153492.32,3018645
2023-02-21,153492.32,155561.47,150928.8,151654.96,4591823
2023-02-22,151654.96,153039.8,150145.76,152599.72,2985412
2023-02-23,152599.72,152872.07,139070.45,141124.64,4895029
2023-02-24,141124.64,141765.05,139765.51,140739.78,1221436
2023-02-25,140739.78,144277.33,140440.81,141390.04,6935107
2023-02-26,141390.04,141900.43,140240.52,141481.13,4933898
2023-02-27,141481.13,142765.68,141073.08,142740.54,2467346
2023-02-28,142740.54,143478.71,134423.01,135783.32,2549007
2023-03-01,135783.32,136814.87,131891.5,132202.69,1684708
2023-03-02,132202.69,134403.18,126602.17,129285.61,3131319
2023-03-03,129285.61,129707.98,127549.59,128734.7,2555490
2023-03-04,128734.7,129106.27,126899.47,127129.65,6272208
2023-03-05,127129.65,130400.53,125133.89,129864.95,3383152
2023-03-06,129864.95,131021.9,125324.65,127089.34,1468665
2023-03-07,127089.34,127292.0,121177.68,121801.8,2086515
2023-03-08,121801.8,128108.31,120591.26,128087.41,4033301
2023-03-09,128087.41,128212.51,123749.53,124375.77,3117955
2023-03-10,124375.77,124888.33,110819.3,110856.69,8381530
2023-03-11,110856.69,112527.25,108270.01,111091.57,995561
2023-03-12,111091.57,115106.44,109366.28,113628.71,945062
2023-03-13,113628.71,117235.54,111481.13,116603.2,4597705
2023-03-14,116603.2,118276.64,116004.37,117486.78,8314558
2023-03-15,117486.78,119267.54,114909.46,115817.66,8542666
2023-03-16,115817.66,117299.57,114889.37,116493.76,5328912
2023-03-17,116493.76,118107.5,115695.55,116082.12,1012076
2023-03-18,116082.12,116523.34,110709.76,110854.84,2259567
2023-03-19,110854.84,113512.27,109270.88,112714.67,3652570
2023-03-20,112714.67,112999.07,105218.19,106751.72,2446118
2023-03-21,106751.72,107892.39,102883.03,104849.56,7345028
2023-03-22,104849.56,105688.59,100970.58,101401.12,2927746
2023-03-23,101401.12,103436.56,100092.32,102812.23,4051813
2023-03-24,102812.23,103098.17,102172.07,102917.6,3454486
2023-03-25,102917.6,105038.16,100907.3,102989.65,3065227
2023-03-26,102989.65,107196.98,101124.72,105719.55,4162105
2023-03-27,105719.55,106418.55,98677.53,99179.98,4095619
2023-03-28,99179.98,100220.5,93158.25,93503.77,3201710
2023-03-29,93503.77,94080.82,90975.31,93077.77,2328760
2023-03-30,93077.77,100276.27,92864.03,100020.0,2061666
2023-03-31,100020.0,100035.14,98407.4,98483.25,2015408
2023-04-01,98483.25,105618.07,96253.33,104086.87,4597614
2023-04-02,104086.87,109696.07,103432.85,108354.26,3109104
2023-04-03,108354.26,108465.23,107256.14,108347.17,2795837
2023-04-04,108347.17,111403.55,106280.11,110922.16,3152570
2023-04-05,110922.16,112136.02,110027.75,110056.73,4717202
2023-04-06,110056.73,110069.22,104669.06,105049.12,5622094
2023-04-07,105049.12,105656.28,100021.51,101393.08,3967774
2023-04-08,101393.08,107539.99,100846.74,106373.3,4723399
2023-04-09,106373.3,106645.24,105061.97,105225.38,1306424
2023-04-10,105225.38,108380.71,105084.34,107839.34,3686973
2023-04-11,107839.34,108805.7,102481.01,103845.85,3491474
2023-04-12,103845.85,104603.2,103124.15,104419.05,3223847
2023-04-13,104419.05,107437.44,104226.33,106523.09,5099157
2023-04-14,106523.09,107144.59,103054.24,103519.04,3249328
2023-04-15,103519.04,105056.18,101227.66,101649.66,2347731
2023-04-16,101649.66,102425.52,99507.22,99648.28,973328
2023-04-17,99648.28,101862.36,99403.47,101243.87,5029430
2023-04-18,101243.87,105919.49,100826.89,104920.19,4904585
2023-04-19,104920.19,106065.09,103680.7,105532.97,1794633
2023-04-20,105532.97,106082.27,100295.53,101853.22,875032
2023-04-21,101853.22,105284.79,101122.13,104455.82,2501219
2023-04-22,104455.82,105205.96,103994.11,105162.07,6327551
2023-04-23,105162.07,106445.6,97597.99,98256.51,3388445
2023-04-24,98256.51,98511.83,95952.04,96921.9,3843328
2023-04-25,96921.9,102703.93,96057.12,101395.57,3744871
2023-04-26,101395.57,102826.84,99525.87,99711.34,5555484
2023-04-27,99711.34,99851.94,93008.71,93436.2,5025982
2023-04-28,93436.2,94039.34,89667.87,90528.01,2959874
2023-04-29,90528.01,92355.96,90362.65,91198.56,2628382
2023-04-30,91198.56,92947.1,90869.13,91555.3,3656207
2023-05-01,91555.3,93912.39,90578.66,92368.92,2783009
2023-05-02,92368.92,92452.91,91151.49,91574.89,4015707
2023-05-03,91574.89,91727.12,86471.76,87271.07,1850113
2023-05-04,87271.07,88328.56,85700.17,87104.3,2214287
2023-05-05,87104.3,87434.95,83449.57,84008.19,1994528
2023-05-06,84008.19,84281.82,79010.85,79325.64,4132424
2023-05-07,79325.64,79636.19,78709.91,79024.78,4067810
2023-05-08,79024.78,79735.51,66050.76,66623.45,3402090
2023-05-09,66623.45,69615.94,66512.16,69347.31,4027665
2023-05-10,69347.31,70895.84,68491.04,70772.59,1951331
2023-05-11,70772.59,72745.02,70658.25,72318.42,2391811
2023-05-12,72318.42,73106.22,68964.66,69909.18,5091563
2023-05-13,69909.18,70079.15,69089.26,69825.83,2977388
2023-05-14,69825.83,70589.98,67179.22,68242.98,1520833
2023-05-15,68242.98,72472.72,68143.86,72203.63,2784893
2023-05-16,72203.63,72274.68,68643.14,69062.8,3052112
2023-05-17,69062.8,71595.36,67899.54,71447.03,5389756
2023-05-18,71447.03,76279.01,71273.37,75763.15,3272759
2023-05-19,75763.15,76726.78,70139.9,70722.08,5634101
2023-05-20,70722.08,73696.9,70329.17,73662.23,1112593
2023-05-21,73662.23,74937.98,72414.38,72576.55,1285075
2023-05-22,72576.55,75474.08,72122.84,74667.9,3951507
2023-05-23,74667.9,75002.27,72912.33,73311.41,5207812
2023-05-24,73311.41,75443.28,72435.95,73567.73,7150453
2023-05-25,73567.73,74747.92,72727.86,73778.84,2620622
2023-05-26,73778.84,73957.26,73726.06,73806.23,2369851
2023-05-27,73806.23,74749.13,71120.56,71886.97,3370616
2023-05-28,71886.97,72511.27,71401.44,72238.6,3059244
2023-05-29,72238.6,72505.47,67577.72,67748.39,2091966
2023-05-30,67748.39,71349.27,67704.61,71117.23,1420361
2023-05-31,71117.23,71408.46,70425.42,71344.36,3467447
2023-06-01,71344.36,72562.33,70429.29,70917.12,7425009
2023-06-02,70917.12,71757.75,69422.05,69999.33,6367670
2023-06-03,69999.33,74714.17,69438.81,74536.84,1737204
2023-06-04,74536.84,76912.76,74007.63,75977.8,8113220
2023-06-05,75977.8,77736.18,75954.31,77622.14,2635086
2023-06-06,77622.14,81343.81,77274.82,80674.79,2802573
2023-06-07,80674.79,80915.41,79083.71,79294.0,2366310
2023-06-08,79294.0,81542.65,78291.91,79865.57,1986315
2023-06-09,79865.57,82191.83,79628.29,81592.37,2762583
2023-06-10,81592.37,82928.49,81408.74,81829.17,2601035
2023-06-11,81829.17,84664.84,81191.8,84365.29,3123207
2023-06-12,84365.29,85710.14,80741.19,81177.24,1490371
2023-06-13,81177.24,81483.21,78777.35,79414.9,13911957
2023-06-14,79414.9,82348.21,78983.2,81941.7,2233213
2023-06-15,81941.7,82294.6,80926.88,81148.15,3691361
2023-06-16,81148.15,90124.23,81092.87,89973.65,3921502
2023-06-17,89973.65,98116.58,89272.72,96655.26,1876252
2023-06-18,96655.26,100841.63,96212.93,99322.69,3587062
2023-06-19,99322.69,105302.07,99184.58,104668.19,5971733
2023-06-20,104668.19,105025.29,101907.45,103152.09,1523340
2023-06-21,103152.09,103282.34,98704.84,99446.03,2327099
2023-06-22,99446.03,106044.2,98145.9,105287.73,1470427
2023-06-23,105287.73,106058.39,101899.23,103071.33,2091903
2023-06-24,103071.33,108740.01,102649.45,108704.46,5405687
2023-06-25,108704.46,109930.54,102724.39,104523.43,2067662
2023-06-26,104523.43,109281.53,103900.95,108457.02,5128206
2023-06-27,108457.02,115478.66,107281.43,115016.53,7290229
2023-06-28,115016.53,118649.7,112643.28,116830.78,2789365
2023-06-29,116830.78,121027.98,116451.94,120796.17,10212484
2023-06-30,120796.17,120896.27,110312.39,112605.29,3347574
2023-07-01,112605.29,114489.05,111062.52,111736.25,3832217
2023-07-02,111736.25,115053.25,111392.77,114387.76,2164486
2023-07-03,114387.76,116991.63,112422.11,115609.54,940181
2023-07-04,115609.54,116492.47,113595.37,116116.33,2487973
2023-07-05,116116.33,116273.48,111234.59,111793.99,4070396
2023-07-06,111793.99,113396.67,111463.89,112214.03,2217188
2023-07-07,112214.03,113142.35,111758.17,112943.36,2401453
2023-07-08,112943.36,115505.21,112361.83,115332.86,4925629
2023-07-09,115332.86,117379.44,113721.49,116757.44,6022618
2023-07-10,116757.44,130659.66,114726.56,130445.0,1931408
2023-07-11,130445.0,134491.19,128287.98,134010.24,3731448
2023-07-12,134010.24,138819.85,133789.94,137707.03,3082935
2023-07-13,137707.03,139446.53,137547.71,138526.02,5779377
2023-07-14,138526.02,140645.24,134432.62,135298.21,2884813
2023-07-15,135298.21,139155.2,134839.03,138149.15,3035936
2023-07-16,138149.15,146259.85,138142.76,144511.04,3934929
2023-07-17,144511.04,147521.6,142956.04,146629.24,3641512
2023-07-18,146629.24,147409.91,144108.07,145851.46,6062751
2023-07-19,145851.46,167214.08,143026.68,164986.78,2234040
2023-07-20,164986.78,165151.58,158041.24,160080.21,3865148
2023-07-21,160080.21,160857.45,155674.61,157485.18,3791561
2023-07-22,157485.18,165105.26,155761.23,164629.93,1391193
2023-07-23,164629.93,171464.24,163241.93,169099.23,5846883
2023-07-24,169099.23,171054.72,165200.23,165835.52,2186079
2023-07-25,165835.52,166607.94,158832.38,159347.37,6211471
2023-07-26,159347.37,167636.43,158331.18,166729.05,4093660
2023-07-27,166729.05,174495.18,164737.44,172139.68,3771191
2023-07-28,172139.68,173092.29,165775.17,167219.86,3249911
2023-07-29,167219.86,167844.31,163238.81,164689.97,3271184
2023-07-30,164689.97,168734.35,163912.86,167133.93,2102246
2023-07-31,167133.93,176830.31,163507.66,175881.81,1799294
2023-08-01,175881.81,178260.63,169620.82,170155.59,2976567
2023-08-02,170155.59,173796.51,168980.71,173286.52,3733320
2023-08-03,173286.52,177572.54,171678.56,177449.16,2433065
2023-08-04,177449.16,177939.79,173756.06,174065.75,2071108
2023-08-05,174065.75,174664.63,169733.25,171696.71,4285821
2023-08-06,171696.71,182230.59,169670.47,179960.9,5792917
2023-08-07,179960.9,181335.55,151858.39,152503.3,816587
2023-08-08,152503.3,154162.05,148495.89,151440.8,2750424
2023-08-09,151440.8,151970.76,147751.45,149097.21,2264007
2023-08-10,149097.21,151213.79,146845.39,150730.9,3176241
2023-08-11,150730.9,152772.55,149692.95,151595.13,3141942
2023-08-12,151595.13,155071.53,148536.82,149205.31,1978108
2023-08-13,149205.31,155745.47,148623.83,154736.8,1297152
2023-08-14,154736.8,170553.88,154358.81,170231.45,4061845
2023-08-15,170231.45,171667.18,163897.36,166312.41,3292226
2023-08-16,166312.41,166809.99,162275.47,163007.05,5854163
2023-08-17,163007.05,164087.64,159816.95,161720.34,8123502
2023-08-18,161720.34,163065.23,157524.91,158676.15,3500218
2023-08-19,158676.15,165673.69,157055.24,165654.37,5175556
2023-08-20,165654.37,167443.18,162833.58,163154.98,2408727
2023-08-21,163154.98,164150.32,162702.16,164133.88,6234674
2023-08-22,164133.88,168905.37,161294.55,166721.01,1562023
2023-08-23,166721.01,169774.71,159543.75,160096.34,4175009
2023-08-24,160096.34,165478.98,158089.6,164102.33,3305919
2023-08-25,164102.33,165803.28,162649.9,162740.82,2800126
2023-08-26,162740.82,167358.6,151384.81,152343.46,4068237
2023-08-27,152343.46,153249.18,148820.96,150560.06,2649942
2023-08-28,150560.06,153541.81,143808.89,146500.45,6823978
2023-08-29,146500.45,146588.73,143197.52,143297.17,8459645
2023-08-30,143297.17,143538.83,137003.41,138100.28,6806660
2023-08-31,138100.28,142302.79,137070.82,141568.69,3232321
2023-09-01,141568.69,145972.02,139699.71,145580.96,3000773
2023-09-02,145580.96,145741.26,143983.86,144451.17,3139456
2023-09-03,144451.17,145842.5,141870.13,142659.03,7625195
2023-09-04,142659.03,142687.82,128632.28,130160.46,2203734
2023-09-05,130160.46,135898.27,129124.21,134379.49,2032888
2023-09-06,134379.49,142518.97,133962.45,141834.04,2412393
2023-09-07,141834.04,143136.62,136347.22,136721.15,5564800
2023-09-08,136721.15,139573.75,135405.62,138348.45,3846482
2023-09-09,138348.45,155067.97,137670.43,153322.58,4298720
2023-09-10,153322.58,157383.7,153197.96,156514.86,3207663
2023-09-11,156514.86,171765.26,156455.97,169754.93,2851197
2023-09-12,169754.93,171990.6,169710.45,171105.1,2808659
2023-09-13,171105.1,176529.86,170732.07,170791.62,8872126
2023-09-14,170791.62,173504.66,168652.67,170435.63,4142059
2023-09-15,170435.63,173992.4,170397.96,172341.64,4317602
2023-09-16,172341.64,174811.11,171447.41,173680.28,4188706
2023-09-17,173680.28,174584.94,172717.96,173863.8,3957271
2023-09-18,173863.8,189976.94,171944.46,186201.26,2875852
2023-09-19,186201.26,186958.89,184125.79,184849.99,2349162
2023-09-20,184849.99,188172.36,183619.95,186656.75,4690040
2023-09-21,186656.75,187905.19,178080.2,178546.53,5452585
2023-09-22,178546.53,180384.07,175648.4,177475.35,4868765
2023-09-23,177475.35,179479.83,177434.79,177747.14,4726787
2023-09-24,177747.14,179371.02,177704.07,178238.26,5963842
2023-09-25,178238.26,183900.36,171001.94,171583.83,5858431
2023-09-26,171583.83,175174.28,169895.9,171146.91,2361175
2023-09-27,171146.91,171438.3,157392.28,158796.85,2519832
2023-09-28,158796.85,165751.14,158205.4,165114.32,4570688
2023-09-29,165114.32,165927.16,161933.51,163907.93,2053760
2023-09-30,163907.93,166235.78,163361.63,164010.58,3580199
2023-10-01,164010.58,165214.72,155855.38,157431.77,2021299
2023-10-02,157431.77,161177.09,150245.88,151714.23,4326885
2023-10-03,151714.23,153632.84,148906.94,150377.87,2065622
2023-10-04,150377.87,150550.02,141882.08,142195.58,1986458
2023-10-05,142195.58,154659.99,140882.39,152891.17,1933202
2023-10-06,152891.17,159563.8,152813.91,157693.03,6885314
2023-10-07,157693.03,158425.77,151305.53,153377.43,2357613
2023-10-08,153377.43,153493.53,131237.96,133097.38,5307815
2023-10-09,133097.38,136229.28,122990.21,123660.05,3876463
2023-10-10,123660.05,135559.55,123003.39,135261.05,3521643
2023-10-11,135261.05,144294.33,134345.08,140990.01,4023953
2023-10-12,140990.01,141368.88,138808.7,139768.93,1663978
2023-10-13,139768.93,142123.57,138792.08,139537.54,3525227
2023-10-14,139537.54,141653.53,137800.94,139894.94,3672686
2023-10-15,139894.94,141314.14,136625.83,137057.84,2902037
2023-10-16,137057.84,140856.38,135695.78,139996.99,6497689
2023-10-17,139996.99,140662.48,135382.92,135960.38,4197431
2023-10-18,135960.38,137632.23,135651.07,137052.89,4492787
2023-10-19,137052.89,138723.96,133239.77,133246.57,2353215
2023-10-20,133246.57,134534.71,131307.62,132194.53,4421083
2023-10-21,132194.53,133539.96,130016.39,130513.59,2616965
2023-10-22,130513.59,131301.07,126187.2,126526.09,2165653
2023-10-23,126526.09,128202.91,124217.48,124357.58,5016756
2023-10-24,124357.58,125764.12,120990.35,122647.45,6239263
2023-10-25,122647.45,130308.49,121251.65,129911.94,3922500
2023-10-26,129911.94,134183.49,128235.35,133010.19,3043049
2023-10-27,133010.19,141277.38,131720.59,138248.02,4137805
2023-10-28,138248.02,138628.74,136604.63,136608.93,6046530
2023-10-29,136608.93,143424.37,133595.98,141444.06,5954563
2023-10-30,141444.06,142557.24,134830.43,135352.44,4062265
2023-10-31,135352.44,138337.83,134111.05,136625.73,4569452
2023-11-01,136625.73,142106.34,136555.34,141825.34,4203992
2023-11-02,141825.34,143285.88,139260.78,140384.94,2686928
2023-11-03,140384.94,141551.7,137615.52,138920.63,5720818
2023-11-04,138920.63,140938.8,136865.42,137627.84,6289287
2023-11-05,137627.84,138937.94,126021.83,127783.28,3463922
2023-11-06,127783.28,132532.4,126599.41,129653.54,2022683
2023-11-07,129653.54,130807.26,129366.95,130440.77,3384392
2023-11-08,130440.77,134594.94,129568.44,131450.5,2921736
2023-11-09,131450.5,134611.29,126637.61,127544.98,15501620
2023-11-10,127544.98,132393.0,127325.18,131279.66,1656094
2023-11-11,131279.66,132369.68,125572.42,126902.98,4171922
2023-11-12,126902.98,127082.58,123698.01,123768.71,3769348
2023-11-13,123768.71,123795.77,118929.36,121486.34,9075499
2023-11-14,121486.34,122755.08,119549.89,122268.27,2942702
2023-11-15,122268.27,124317.23,110659.89,111813.77,2623107
2023-11-16,111813.77,116983.42,111245.22,116966.45,2974673
2023-11-17,116966.45,119099.26,114410.62,118035.17,2318990
2023-11-18,118035.17,125340.28,117041.33,124861.85,3493427
2023-11-19,124861.85,132261.76,122271.61,131576.98,3233198
2023-11-20,131576.98,137130.46,131285.36,136874.94,3771349
2023-11-21,136874.94,137888.57,134490.54,135451.37,3300977
2023-11-22,135451.37,136025.53,133216.04,134930.16,2624846
2023-11-23,134930.16,136616.64,126042.88,126082.46,7302951
2023-11-24,126082.46,126482.52,125531.22,126117.81,1450050
2023-11-25,126117.81,127239.68,122587.69,122834.39,3437983
2023-11-26,122834.39,124411.84,120694.16,123134.73,9131533
2023-11-27,123134.73,123407.47,101724.78,102857.96,4352347
2023-11-28,102857.96,104876.85,98435.47,98975.98,3481589
2023-11-29,98975.98,107870.09,98057.49,107847.55,4783738
2023-11-30,107847.55,111003.96,105802.72,110615.23,3072248
2023-12-01,110615.23,111688.24,108903.14,109195.86,1562979
2023-12-02,109195.86,111715.54,108478.77,110161.16,6471591
2023-12-03,110161.16,116864.04,108576.03,116558.85,6365538
2023-12-04,116558.85,118395.49,116491.76,118301.1,1360352
2023-12-05,118301.1,118673.01,116919.49,117119.29,2731045
2023-12-06,117119.29,118738.06,114589.02,114827.1,5165487
2023-12-07,114827.1,116605.34,114607.79,115262.76,3339307
2023-12-08,115262.76,116356.04,109241.56,110226.94,1702138
2023-12-09,110226.94,116361.84,108361.46,115539.16,3731357
2023-12-10,115539.16,118154.08,112902.45,113620.21,3746969
2023-12-11,113620.21,118477.64,112538.34,117416.57,2712278
2023-12-12,117416.57,117759.52,115806.88,115807.98,5687199
2023-12-13,115807.98,116793.14,115741.76,116471.42,4107129
2023-12-14,116471.42,120041.56,115234.08,117580.09,5995379
2023-12-15,117580.09,122013.58,117371.02,120984.84,1205714
2023-12-16,120984.84,122044.08,103523.21,104047.16,3031878
2023-12-17,104047.16,105220.88,100196.78,101361.27,3715559
2023-12-18,101361.27,107380.16,100041.96,106318.04,1294313
2023-12-19,106318.04,106334.73,105472.16,105959.64,3661021
2023-12-20,105959.64,107437.09,102764.63,103145.17,3637853
2023-12-21,103145.17,104930.79,99706.47,99934.35,6712038
2023-12-22,99934.35,101455.77,96100.07,96920.44,5193072
2023-12-23,96920.44,97414.89,94936.22,95895.3,11057519
2023-12-24,95895.3,97074.58,89328.78,90254.67,3372502
2023-12-25,90254.67,91661.5,89568.71,90683.47,2684277
2023-12-26,90683.47,98631.68,88809.4,97838.34,3965415
2023-12-27,97838.34,99619.5,92367.83,92592.13,1250994
2023-12-28,92592.13,97134.63,92401.4,96514.8,2455392
2023-12-29,96514.8,98067.59,94508.91,95228.84,3413955
2023-12-30,95228.84,103679.27,93615.57,102767.32,2099087
2023-12-31,102767.32,106157.11,102761.78,104716.62,2091083
2024-01-01,104716.62,109139.68,104543.41,108114.11,5228941
2024-01-02,108114.11,109587.03,105143.12,107164.23,1493444
2024-01-03,107164.23,107241.2,102367.45,102814.94,7542192
2024-01-04,102814.94,107551.55,102151.98,106996.95,5342729
2024-01-05,106996.95,112480.42,106061.0,111957.64,3880527
2024-01-06,111957.64,121210.62,111314.6,119670.0,2723325
2024-01-07,119670.0,133839.98,118423.7,131688.58,1829293
2024-01-08,131688.58,135405.8,129542.18,134609.55,2376060
2024-01-09,134609.55,137062.03,132369.95,134040.83,1469817
2024-01-10,134040.83,135264.55,111285.86,112976.16,2065522
2024-01-11,112976.16,118519.6,110701.16,118319.49,4330203
2024-01-12,118319.49,122795.94,118015.06,121603.65,5615584
2024-01-13,121603.65,122639.31,119996.0,121176.07,2250303
2024-01-14,121176.07,131244.52,120380.32,129386.41,2870065
2024-01-15,129386.41,129671.76,121469.83,122677.54,2608705
2024-01-16,122677.54,122791.82,111463.85,112729.33,2983787
2024-01-17,112729.33,116482.12,112225.46,115714.44,4559814
2024-01-18,115714.44,116863.53,115078.99,115134.48,1967974
2024-01-19,115134.48,115508.62,109901.2,110365.52,2645455
2024-01-20,110365.52,111305.0,108417.54,110200.31,7131048
2024-01-21,110200.31,120835.66,108589.14,118888.67,4608583
2024-01-22,118888.67,121619.36,118738.72,119416.63,2484208
2024-01-23,119416.63,119874.9,104914.43,105203.53,1087485
2024-01-24,105203.53,105239.33,97548.99,97948.58,3904002
2024-01-25,97948.58,102619.94,96350.04,102417.41,2079267
2024-01-26,102417.41,102698.9,95438.67,96042.29,2824055
2024-01-27,96042.29,96082.41,93640.71,93819.19,1546147
2024-01-28,93819.19,98688.14,92094.07,98389.41,2175221
2024-01-29,98389.41,102912.93,97310.84,102179.25,3159942
2024-01-30,102179.25,104593.03,101723.32,103825.06,3300355
2024-01-31,103825.06,104384.49,101096.27,102023.42,7589394
2024-02-01,102023.42,105157.53,101615.35,105133.14,1953100
2024-02-02,105133.14,105529.59,99923.18,101270.8,1100214
2024-02-03,101270.8,101434.55,97812.99,98893.01,1562453
2024-02-04,98893.01,100823.97,97021.2,100571.97,3819940
2024-02-05,100571.97,100971.57,96487.75,96491.59,4396146
2024-02-06,96491.59,97994.26,96293.51,97290.72,5718831
2024-02-07,97290.72,97800.11,94755.58,95595.08,2224042
2024-02-08,95595.08,96595.08,93035.07,93568.71,1812913
2024-02-09,93568.71,94889.59,93408.94,93773.31,981542
2024-02-10,93773.31,94168.65,88990.78,89086.15,2750866
2024-02-11,89086.15,91880.0,86766.04,91320.23,2513711
2024-02-12,91320.23,92191.47,88507.9,89181.82,2925733
2024-02-13,89181.82,90758.71,83357.36,85057.87,5780423
2024-02-14,85057.87,85468.08,84012.51,84840.59,6581302
2024-02-15,84840.59,85076.03,81414.78,83058.69,2857740
2024-02-16,83058.69,84425.37,82814.88,83106.2,3703203
2024-02-17,83106.2,83209.88,81801.45,82239.11,3963890
2024-02-18,82239.11,92415.1,81976.63,92145.16,2956594
2024-02-19,92145.16,92972.96,91001.44,92010.46,8016196
2024-02-20,92010.46,93353.28,87715.68,89269.2,2290875
2024-02-21,89269.2,89454.29,84813.55,86427.49,5413950
2024-02-22,86427.49,87102.98,83820.8,85111.75,1746858
2024-02-23,85111.75,87065.49,84361.33,86351.48,6335911
2024-02-24,86351.48,88092.66,84631.03,85478.98,2721669
2024-02-25,85478.98,86435.87,83006.08,83888.38,1054034
2024-02-26,83888.38,87034.28,82980.7,86547.46,7335475
2024-02-27,86547.46,91923.58,85681.88,91014.24,2599655
2024-02-28,91014.24,92683.01,89604.28,92058.52,4852783
2024-02-29,92058.52,92373.82,90653.04,91389.56,2639997
2024-03-01,91389.56,92863.67,88308.8,88953.78,6727784
2024-03-02,88953.78,89648.03,86184.86,87149.49,3048857
2024-03-03,87149.49,90447.86,86949.13,89069.18,2526819
2024-03-04,89069.18,91714.49,87949.97,91151.86,2957946
2024-03-05,91151.86,92874.36,89359.7,90257.64,3119714
2024-03-06,90257.64,98910.74,89959.59,97214.68,3224916
2024-03-07,97214.68,98880.2,93702.86,95602.41,2407357
2024-03-08,95602.41,96180.6,90743.2,91037.55,3292718
2024-03-09,91037.55,93728.35,90878.54,93181.22,3310617
2024-03-10,93181.22,94589.84,90764.65,91377.62,11426905
2024-03-11,91377.62,91630.14,90848.06,91445.48,3171619
2024-03-12,91445.48,92514.38,86871.7,88002.26,5081668
2024-03-13,88002.26,88860.68,85963.42,86268.25,9190593
2024-03-14,86268.25,86421.67,85247.2,85618.09,2527762
2024-03-15,85618.09,86650.36,72774.97,73404.04,3525769
2024-03-16,73404.04,74493.02,73028.96,73720.25,911844
2024-03-17,73720.25,73960.59,73297.25,73359.5,3565805
2024-03-18,73359.5,78910.04,72100.72,78552.27,3113435
2024-03-19,78552.27,80289.61,78276.23,79532.08,2584297
2024-03-20,79532.08,80270.35,78909.66,80181.33,4655296
2024-03-21,80181.33,86979.87,79925.16,86111.94,4288453
2024-03-22,86111.94,87563.28,85457.06,86423.68,1367542
2024-03-23,86423.68,87778.96,83764.46,84672.31,5422742
2024-03-24,84672.31,84922.52,78967.2,79773.13,3197306
2024-03-25,79773.13,84263.73,79574.2,83701.67,3249228
2024-03-26,83701.67,84253.1,81321.0,81719.5,1594184
2024-03-27,81719.5,84386.36,81585.94,83785.96,4745577
2024-03-28,83785.96,85988.4,83248.8,83982.64,13418773
2024-03-29,83982.64,83999.53,79320.21,80189.66,3475907
2024-03-30,80189.66,80597.55,79047.76,79851.81,3348130
2024-03-31,79851.81,81044.83,78189.46,78354.84,6661645
2024-04-01,78354.84,78948.32,76709.22,76964.47,1936555
2024-04-02,76964.47,82078.35,76546.19,81650.53,2707988
2024-04-03,81650.53,83793.23,81564.82,83530.22,4441023
2024-04-04,83530.22,83711.61,74552.94,74768.54,4989760
2024-04-05,74768.54,76585.67,73560.29,75982.52,4940684
2024-04-06,75982.52,84700.93,75502.09,83405.13,1278249
2024-04-07,83405.13,84761.2,78812.06,79605.95,2485429
2024-04-08,79605.95,80324.2,73421.78,74910.99,1262165
2024-04-09,74910.99,76326.53,72811.26,72865.68,5484846
2024-04-10,72865.68,73840.62,72810.38,73652.74,4462999
2024-04-11,73652.74,74545.39,73517.8,74471.31,2471711
2024-04-12,74471.31,77029.1,74270.44,76876.79,3129348
2024-04-13,76876.79,79269.06,75733.68,78337.37,1880131
2024-04-14,78337.37,78506.54,76136.06,78079.12,2533913
2024-04-15,78079.12,78986.61,76900.86,77627.28,3728465
2024-04-16,77627.28,80207.65,76469.6,79893.79,7460142
2024-04-17,79893.79,82018.33,78949.43,81581.15,4695946
2024-04-18,81581.15,82860.33,81557.14,82138.17,1831952
2024-04-19,82138.17,82986.67,79630.54,80867.4,5503667
2024-04-20,80867.4,83012.3,80090.36,81803.26,4261724
2024-04-21,81803.26,85594.46,81103.22,84713.88,1729133
2024-04-22,84713.88,85090.9,81028.31,81131.5,3072973
2024-04-23,81131.5,81160.86,76967.28,78450.89,3575901
2024-04-24,78450.89,78966.28,73517.94,73833.16,1937188
2024-04-25,73833.16,76880.02,72701.66,76031.48,3285644
2024-04-26,76031.48,77720.95,75601.81,76829.26,2798618
2024-04-27,76829.26,76899.87,75766.99,76845.07,9146282
2024-04-28,76845.07,79483.74,76130.13,79014.0,1570110
2024-04-29,79014.0,79950.99,78482.69,78802.47,12124483
2024-04-30,78802.47,78844.94,73011.73,73111.75,2139373
2024-05-01,73111.75,75449.73,72531.53,73817.81,4012276
2024-05-02,73817.81,74267.66,70764.87,71488.39,9321406
2024-05-03,71488.39,73678.94,70559.97,72889.7,11980509
2024-05-04,72889.7,74301.93,72687.01,73825.04,1716650
2024-05-05,73825.04,75147.66,73626.73,74883.44,6921964
2024-05-06,74883.44,76808.39,74621.52,76460.19,2747076
2024-05-07,76460.19,76931.39,76435.9,76859.4,9055915
2024-05-08,76859.4,77270.27,76136.58,76195.02,3607125
2024-05-09,76195.02,76279.12,74248.16,75051.28,3553312
2024-05-10,75051.28,76275.92,74313.02,76017.05,1747749
2024-05-11,76017.05,81171.57,75912.0,80604.06,1862132
2024-05-12,80604.06,80802.0,79820.72,80759.59,4975734
2024-05-13,80759.59,81508.41,80413.04,81336.28,4867172
2024-05-14,81336.28,81964.33,79825.74,79895.75,11451896
2024-05-15,79895.75,82521.86,79193.77,80455.13,2335661
2024-05-16,80455.13,83431.84,80327.35,82541.53,5366377
2024-05-17,82541.53,83067.14,79297.29,81009.56,3029378
2024-05-18,81009.56,85953.83,80049.67,85678.79,2043451
2024-05-19,85678.79,86835.3,85092.83,86738.48,5090828
2024-05-20,86738.48,89469.94,86094.13,89044.75,1574907
2024-05-21,89044.75,89251.26,87890.78,88377.82,3254194
2024-05-22,88377.82,90402.55,87770.52,89989.8,2702678
2024-05-23,89989.8,91285.95,88666.05,88709.54,4306258
2024-05-24,88709.54,88912.73,85087.13,86092.36,3272136
2024-05-25,86092.36,86272.45,79895.47,81152.37,3698756
2024-05-26,81152.37,81386.02,76025.97,76283.78,2431161
2024-05-27,76283.78,78965.74,76200.86,78965.15,2705674
2024-05-28,78965.15,79075.71,74571.24,75824.86,4463945
2024-05-29,75824.86,76909.45,75753.38,76537.24,1947033
2024-05-30,76537.24,77885.92,73795.74,74388.7,3336598
2024-05-31,74388.7,75893.34,73690.4,75595.51,1773437
2024-06-01,75595.51,77429.34,74724.16,76483.25,1778530
2024-06-02,76483.25,78723.02,75975.06,77812.39,1956057
2024-06-03,77812.39,78263.2,73137.67,73981.11,2151024
2024-06-04,73981.11,74311.46,73032.82,73903.04,3660578
2024-06-05,73903.04,75788.05,73794.15,74333.63,5293354
2024-06-06,74333.63,75356.6,73117.84,75056.95,5304005
2024-06-07,75056.95,75275.74,73369.92,74840.96,2437399
2024-06-08,74840.96,75158.91,70529.03,70635.85,8723603
2024-06-09,70635.85,71358.97,68616.22,69183.68,4919183
2024-06-10,69183.68,72435.1,68938.24,71563.12,3452711
2024-06-11,71563.12,75304.49,70600.58,74880.35,2125409
2024-06-12,74880.35,79365.95,73993.83,78564.56,2312950
2024-06-13,78564.56,81511.49,76488.88,81381.6,4408519
2024-06-14,81381.6,82193.02,80642.69,81603.48,3205450
2024-06-15,81603.48,84553.16,80895.83,83860.51,2549283
2024-06-16,83860.51,86928.2,83160.76,85636.33,7790935
2024-06-17,85636.33,86751.6,81405.93,82508.71,6377767
2024-06-18,82508.71,87342.18,81438.71,87063.39,2353452
2024-06-19,87063.39,87145.59,84592.93,84817.06,3203751
2024-06-20,84817.06,96110.15,84184.18,96020.34,3465566
2024-06-21,96020.34,96620.71,94426.34,95746.12,3005928
2024-06-22,95746.12,96834.66,89942.77,90585.73,12972207
2024-06-23,90585.73,93967.87,89838.2,92475.7,3977228
2024-06-24,92475.7,94408.04,78980.21,79811.0,1736480
2024-06-25,79811.0,81942.44,78586.07,81233.28,2606212
2024-06-26,81233.28,81950.76,78818.26,78908.59,3519670
2024-06-27,78908.59,79074.59,76152.9,76883.49,6173410
2024-06-28,76883.49,77519.09,72860.34,73081.02,2486275
2024-06-29,73081.02,77960.81,72224.87,77933.68,1758027
2024-06-30,77933.68,78106.22,77556.28,78089.25,3194801
2024-07-01,78089.25,78655.88,77052.53,78122.06,9865870
2024-07-02,78122.06,79241.51,76610.66,77207.5,2115149
2024-07-03,77207.5,79598.14,76062.97,79242.75,2708842
2024-07-04,79242.75,79328.66,74566.67,74673.77,5054362
2024-07-05,74673.77,75818.16,71218.43,71478.34,7690940
2024-07-06,71478.34,74738.65,71205.65,73329.03,1689179
2024-07-07,73329.03,74464.07,71687.67,74268.52,2044211
2024-07-08,74268.52,75402.92,70679.36,71923.04,8679362
2024-07-09,71923.04,72461.6,71034.35,71841.17,3967448
2024-07-10,71841.17,76854.78,70923.14,76842.24,4745176
2024-07-11,76842.24,78010.58,75372.16,77042.59,6832389
2024-07-12,77042.59,79536.11,75594.24,79269.0,6714866
2024-07-13,79269.0,79629.67,75110.85,76155.24,4186054
2024-07-14,76155.24,77045.61,73001.48,74089.81,2754680
2024-07-15,74089.81,75426.37,70615.17,70635.09,2073764
2024-07-16,70635.09,72648.74,69672.24,70064.3,3038672
2024-07-17,70064.3,77240.0,69817.88,76714.06,2978571
2024-07-18,76714.06,78144.29,76344.69,76381.5,3668491
2024-07-19,76381.5,77598.45,71319.15,71821.97,4783627
2024-07-20,71821.97,71842.43,69736.13,70366.67,2423849
2024-07-21,70366.67,74042.3,69687.2,73399.65,7245295
2024-07-22,73399.65,74515.83,72119.78,72699.94,3783552
2024-07-23,72699.94,72742.89,65851.22,66251.98,4192862
2024-07-24,66251.98,67998.36,65440.07,67564.39,2147832
2024-07-25,67564.39,68411.43,67303.37,67696.41,1085284
2024-07-26,67696.41,72012.84,67434.25,71056.98,1888475
2024-07-27,71056.98,72694.71,70944.82,71983.23,3813835
2024-07-28,71983.23,72083.76,69107.05,70542.59,3910216
2024-07-29,70542.59,70729.02,61550.31,62518.03,4326503
2024-07-30,62518.03,65561.78,62397.04,64524.83,3072702
2024-07-31,64524.83,65664.16,54902.09,55410.87,4504017
2024-08-01,55410.87,57336.02,54608.07,56756.5,2792531
2024-08-02,56756.5,57588.99,56079.33,56333.66,5356747
2024-08-03,56333.66,56844.02,54713.17,54903.56,2439012
2024-08-04,54903.56,55694.71,54365.38,54532.63,2482164
2024-08-05,54532.63,54688.35,52370.65,53410.74,5331957
2024-08-06,53410.74,53868.46,50871.66,51948.97,2206345
2024-08-07,51948.97,53835.66,50741.31,53256.63,2509330
2024-08-08,53256.63,55152.74,53042.04,55094.29,4108300
2024-08-09,55094.29,55354.81,52128.58,52399.41,4454905
2024-08-10,52399.41,55065.91,51727.32,55004.78,4678740
2024-08-11,55004.78,55532.76,54624.74,55402.04,2617150
2024-08-12,55402.04,55752.17,55162.68,55727.03,8071058
2024-08-13,55727.03,62576.85,55446.42,62218.31,7813773
2024-08-14,62218.31,63424.11,61475.28,63021.06,4558685
2024-08-15,63021.06,63331.95,60130.86,60650.25,2663611
2024-08-16,60650.25,61266.44,60021.87,60330.65,4333814
2024-08-17,60330.65,60550.99,59169.04,59289.47,2522564
2024-08-18,59289.47,61307.72,58838.41,60261.99,3365254
2024-08-19,60261.99,60537.47,59729.49,60026.38,3799130
2024-08-20,60026.38,64759.21,59770.12,63173.48,4311046
2024-08-21,63173.48,64011.6,61133.66,61800.95,3577263
2024-08-22,61800.95,63300.8,61498.22,63138.8,3825840
2024-08-23,63138.8,65229.51,62826.03,64835.79,3072326
2024-08-24,64835.79,65042.9,61387.75,61858.41,3943872
2024-08-25,61858.41,61989.12,56913.85,57444.44,2509009
2024-08-26,57444.44,60414.42,57421.97,60157.69,3088065
2024-08-27,60157.69,60460.32,59562.62,59575.81,2529489
2024-08-28,59575.81,64525.85,59334.54,63303.41,3838437
2024-08-29,63303.41,66455.07,62683.82,65448.51,2885001
2024-08-30,65448.51,69403.74,65126.86,68359.24,2915230
2024-08-31,68359.24,68921.02,65331.06,65707.16,2125919
2024-09-01,65707.16,66803.38,62121.26,62514.27,882870
2024-09-02,62514.27,63351.63,58961.93,59335.08,8159266
2024-09-03,59335.08,60770.9,58207.91,60468.79,3065950
2024-09-04,60468.79,61014.05,57348.27,57601.54,2427295
2024-09-05,57601.54,58152.43,57444.38,57727.71,5309921
2024-09-06,57727.71,58085.12,54932.2,55566.14,1812521
2024-09-07,55566.14,57777.45,55354.56,56821.77,1732831
2024-09-08,56821.77,57162.2,56224.91,56543.89,2716306
2024-09-09,56543.89,56739.52,55999.86,56298.63,2346139
2024-09-10,56298.63,56606.54,54687.85,56428.97,3794774
2024-09-11,56428.97,57012.75,54109.9,54242.27,3788041
2024-09-12,54242.27,56740.22,54113.3,55612.57,1986780
2024-09-13,55612.57,55680.05,52665.59,52878.31,6328019
2024-09-14,52878.31,53612.8,52593.08,53131.09,6024826
2024-09-15,53131.09,54485.2,53095.79,54062.98,2733136
2024-09-16,54062.98,57122.31,53631.37,56439.3,3568964
2024-09-17,56439.3,57447.64,53304.69,53989.6,4179517
2024-09-18,53989.6,54758.75,51194.88,51732.15,6238277
2024-09-19,51732.15,54194.81,50333.65,52852.15,3873534
2024-09-20,52852.15,52891.76,51792.97,52260.98,1369308
2024-09-21,52260.98,52870.97,46407.32,46464.82,5207286
2024-09-22,46464.82,48999.6,45882.31,48844.34,3398679
2024-09-23,48844.34,52700.07,48415.27,52353.41,1968559
2024-09-24,52353.41,52610.92,51292.53,51436.58,858306
2024-09-25,51436.58,53831.99,51075.36,53736.61,2961409
2024-09-26,53736.61,55952.13,53390.19,54837.66,1904847
2024-09-27,54837.66,56865.56,54273.43,55872.02,2962927
2024-09-28,55872.02,56598.73,51773.72,52030.02,1995439
2024-09-29,52030.02,55527.4,51759.26,54497.61,3153897
2024-09-30,54497.61,55188.85,54225.55,54477.56,5429612
2024-10-01,54477.56,55009.97,53598.74,54391.73,5132245
2024-10-02,54391.73,54962.75,54005.86,54918.79,3136067
2024-10-03,54918.79,58862.32,53860.42,58717.63,10623147
2024-10-04,58717.63,59281.5,56387.46,56645.75,2011335
2024-10-05,56645.75,59414.76,56512.71,58402.84,6080507
2024-10-06,58402.84,61575.78,58054.19,60951.26,3206261
2024-10-07,60951.26,61285.07,58364.96,59473.13,5437690
2024-10-08,59473.13,61666.9,58961.21,61288.93,2610275
2024-10-09,61288.93,61896.52,60320.6,60468.16,5738225
2024-10-10,60468.16,60660.12,55619.8,56031.11,4793047
2024-10-11,56031.11,56311.39,54009.58,54284.98,1034069
2024-10-12,54284.98,55897.94,53901.07,55764.23,5037669
2024-10-13,55764.23,56751.91,55448.23,55779.27,1933010
2024-10-14,55779.27,58284.2,54848.44,57588.39,3795309
2024-10-15,57588.39,57915.03,53949.23,54534.43,2200883
2024-10-16,54534.43,55790.5,54329.24,55622.25,3626656
2024-10-17,55622.25,56324.19,55395.2,56109.67,4141589
2024-10-18,56109.67,58483.26,54885.98,57838.53,4226666
2024-10-19,57838.53,60668.91,57687.67,59736.7,4157285
2024-10-20,59736.7,61547.61,59532.46,60332.93,1895972
2024-10-21,60332.93,60348.38,58246.81,58285.76,3226145
2024-10-22,58285.76,65596.13,58007.85,65250.18,2558876
2024-10-23,65250.18,65975.44,65086.9,65097.4,3511848
2024-10-24,65097.4,65699.8,63275.66,63987.05,2016372
2024-10-25,63987.05,65903.58,63653.88,65785.75,1905459
2024-10-26,65785.75,68915.52,65732.71,68147.26,4875853
2024-10-27,68147.26,68955.37,67656.76,67825.9,1827535
2024-10-28,67825.9,67847.87,66454.17,66912.29,5581436
2024-10-29,66912.29,67073.55,60729.5,61663.69,1303867
2024-10-30,61663.69,61868.62,60424.08,61058.54,4261136
2024-10-31,61058.54,61657.97,57224.88,57476.57,3959490
2024-11-01,57476.57,57691.41,56170.48,57300.87,5042907
2024-11-02,57300.87,57799.75,55094.57,55354.79,3138598
2024-11-03,55354.79,57779.41,55341.51,57406.96,2159624
2024-11-04,57406.96,57767.96,54730.13,55434.22,2930392
2024-11-05,55434.22,55920.18,53773.93,54251.97,1799427
2024-11-06,54251.97,54788.0,51630.51,51880.12,2108760
2024-11-07,51880.12,52036.88,51187.17,51279.86,6643199
2024-11-08,51279.86,51505.21,49028.5,49860.01,5631199
2024-11-09,49860.01,50157.16,49590.17,49590.47,3103563
2024-11-10,49590.47,51133.79,48448.35,50855.32,2933604
2024-11-11,50855.32,51286.81,50112.26,50864.1,1871177
2024-11-12,50864.1,54942.69,50742.48,53958.2,3184420
2024-11-13,53958.2,55024.42,53831.82,54147.69,3334531
2024-11-14,54147.69,56448.12,53466.37,56205.48,2181555
2024-11-15,56205.48,57597.05,53910.58,53966.19,5271442
2024-11-16,53966.19,55274.64,53803.08,55230.54,4937620
2024-11-17,55230.54,56245.43,52783.3,52889.47,14517955
2024-11-18,52889.47,53904.64,51969.61,53792.46,1922803
2024-11-19,53792.46,53793.09,51452.24,51949.05,3187255
2024-11-20,51949.05,53014.14,51699.17,52950.01,1956185
2024-11-21,52950.01,53939.32,51580.69,53129.02,3255800
2024-11-22,53129.02,53699.73,52472.23,52607.45,5207643
2024-11-23,52607.45,53515.99,50784.17,51238.48,1475483
2024-11-24,51238.48,51249.8,49930.98,50497.14,1017631
2024-11-25,50497.14,53532.12,49855.18,52755.91,4777341
2024-11-26,52755.91,53104.57,49880.75,50808.0,3353630
2024-11-27,50808.0,52148.72,50583.53,51780.56,2861490
2024-11-28,51780.56,53303.61,51712.35,52802.79,3381172
2024-11-29,52802.79,54200.5,52470.92,53610.75,1845331
2024-11-30,53610.75,53743.78,51298.29,51519.16,3284092
2024-12-01,51519.16,52451.26,51182.23,51281.83,1985876
2024-12-02,51281.83,51537.81,49515.21,49900.62,2105188
2024-12-03,49900.62,50281.88,49519.41,50104.93,3213716
2024-12-04,50104.93,52368.43,49812.33,51928.18,4171575
2024-12-05,51928.18,52232.09,49515.6,49782.45,7129151
2024-12-06,49782.45,49945.56,48486.88,48899.99,2158222
2024-12-07,48899.99,48972.39,42113.09,42609.08,2733257
2024-12-08,42609.08,42988.54,41124.6,41369.73,3082896
2024-12-09,41369.73,42780.41,40927.57,42472.95,1718564
2024-12-10,42472.95,43560.47,40729.99,40897.44,3668630
2024-12-11,40897.44,42088.52,40720.62,41961.12,2283931
2024-12-12,41961.12,42515.66,38596.93,39018.29,3301172
2024-12-13,39018.29,41285.42,38921.73,41227.32,3253258
2024-12-14,41227.32,42741.29,41124.15,42536.85,2788752
2024-12-15,42536.85,44364.24,41983.88,44225.56,5283781
2024-12-16,44225.56,44704.59,41227.72,41492.57,2896530
2024-12-17,41492.57,43573.37,40884.71,43000.76,2340259
2024-12-18,43000.76,43755.12,41254.58,41541.6,3298521
2024-12-19,41541.6,41834.88,41077.71,41588.9,3671266
2024-12-20,41588.9,46883.37,41567.31,46723.51,1656699
2024-12-21,46723.51,47174.64,46666.16,46838.63,3245079
2024-12-22,46838.63,50587.38,46103.89,49906.48,2849266
2024-12-23,49906.48,51044.52,49517.02,50766.31,4249276
2024-12-24,50766.31,51475.84,49723.11,50418.99,5066883
2024-12-25,50418.99,50511.2,49414.27,49999.44,3619028
2024-12-26,49999.44,50982.29,48958.43,50765.92,4574861
2024-12-27,50765.92,51459.37,46826.39,47383.01,2706882
2024-12-28,47383.01,47764.02,46350.0,46658.83,3275888
2024-12-29,46658.83,47099.91,46448.14,46775.27,2026822
2024-12-30,46775.27,46824.2,46593.26,46773.31,4789680
